Sentença	Id	Origem	Classe
O que são neurônios dinâmicos de ampla faixa ?	5acd38ac07355d001abf3981	5acd38ac07355d001abf3981	1
O que são sistemas dinâmicos de ampla faixa ?	5acd38ac07355d001abf3981_pert_0	5acd38ac07355d001abf3981	0
O que são motores dinâmicos de ampla faixa ?	5acd38ac07355d001abf3981_pert_1	5acd38ac07355d001abf3981	0
O que são circuitos dinâmicos de ampla faixa ?	5acd38ac07355d001abf3981_pert_2	5acd38ac07355d001abf3981	0
O que são efeitos dinâmicos de ampla faixa ?	5acd38ac07355d001abf3981_pert_3	5acd38ac07355d001abf3981	0
O que são modelos dinâmicos de ampla faixa ?	5acd38ac07355d001abf3981_pert_4	5acd38ac07355d001abf3981	0
O que são ambientes dinâmicos de ampla faixa ?	5acd38ac07355d001abf3981_pert_5	5acd38ac07355d001abf3981	0
O que são campos dinâmicos de ampla faixa ?	5acd38ac07355d001abf3981_pert_6	5acd38ac07355d001abf3981	0
O que são blocos dinâmicos de ampla faixa ?	5acd38ac07355d001abf3981_pert_7	5acd38ac07355d001abf3981	0
O que são movimentos dinâmicos de ampla faixa ?	5acd38ac07355d001abf3981_pert_8	5acd38ac07355d001abf3981	0
O que são pneus dinâmicos de ampla faixa ?	5acd38ac07355d001abf3981_pert_9	5acd38ac07355d001abf3981	0
O que são componentes dinâmicos de ampla faixa ?	5acd38ac07355d001abf3981_pert_10	5acd38ac07355d001abf3981	0
O que são veículos dinâmicos de ampla faixa ?	5acd38ac07355d001abf3981_pert_11	5acd38ac07355d001abf3981	0
O que são ciclos dinâmicos de ampla faixa ?	5acd38ac07355d001abf3981_pert_12	5acd38ac07355d001abf3981	0
O que são eixos dinâmicos de ampla faixa ?	5acd38ac07355d001abf3981_pert_13	5acd38ac07355d001abf3981	0
O que são modos dinâmicos de ampla faixa ?	5acd38ac07355d001abf3981_pert_14	5acd38ac07355d001abf3981	0
O que são mapas dinâmicos de ampla faixa ?	5acd38ac07355d001abf3981_pert_15	5acd38ac07355d001abf3981	0
O que são dispositivos dinâmicos de ampla faixa ?	5acd38ac07355d001abf3981_pert_16	5acd38ac07355d001abf3981	0
O que são processos dinâmicos de ampla faixa ?	5acd38ac07355d001abf3981_pert_17	5acd38ac07355d001abf3981	0
O que são ritmos dinâmicos de ampla faixa ?	5acd38ac07355d001abf3981_pert_18	5acd38ac07355d001abf3981	0
O que são regimes dinâmicos de ampla faixa ?	5acd38ac07355d001abf3981_pert_19	5acd38ac07355d001abf3981	0
Que tipo de mensagem é enviada em um modelo complexo ?	59fc36eaa9fb160018f10dce	59fc36eaa9fb160018f10dce	1
Que tipo de mensagem é possível em um modelo complexo ?	59fc36eaa9fb160018f10dce_pert_0	59fc36eaa9fb160018f10dce	0
Que tipo de mensagem é importante em um modelo complexo ?	59fc36eaa9fb160018f10dce_pert_1	59fc36eaa9fb160018f10dce	0
Que tipo de mensagem é gerada em um modelo complexo ?	59fc36eaa9fb160018f10dce_pert_2	59fc36eaa9fb160018f10dce	0
Que tipo de mensagem é necessária em um modelo complexo ?	59fc36eaa9fb160018f10dce_pert_3	59fc36eaa9fb160018f10dce	0
Que tipo de mensagem é transmitida em um modelo complexo ?	59fc36eaa9fb160018f10dce_pert_4	59fc36eaa9fb160018f10dce	0
Que tipo de mensagem é relevante em um modelo complexo ?	59fc36eaa9fb160018f10dce_pert_5	59fc36eaa9fb160018f10dce	0
Que tipo de mensagem é apresentada em um modelo complexo ?	59fc36eaa9fb160018f10dce_pert_6	59fc36eaa9fb160018f10dce	0
Que tipo de mensagem é usada em um modelo complexo ?	59fc36eaa9fb160018f10dce_pert_7	59fc36eaa9fb160018f10dce	0
Que tipo de mensagem é emitida em um modelo complexo ?	59fc36eaa9fb160018f10dce_pert_8	59fc36eaa9fb160018f10dce	0
Que tipo de mensagem é encontrada em um modelo complexo ?	59fc36eaa9fb160018f10dce_pert_9	59fc36eaa9fb160018f10dce	0
Que tipo de mensagem é esta em um modelo complexo ?	59fc36eaa9fb160018f10dce_pert_10	59fc36eaa9fb160018f10dce	0
Que tipo de mensagem é essa em um modelo complexo ?	59fc36eaa9fb160018f10dce_pert_11	59fc36eaa9fb160018f10dce	0
Que tipo de mensagem é exibida em um modelo complexo ?	59fc36eaa9fb160018f10dce_pert_12	59fc36eaa9fb160018f10dce	0
Que tipo de mensagem é necessário em um modelo complexo ?	59fc36eaa9fb160018f10dce_pert_13	59fc36eaa9fb160018f10dce	0
Que tipo de mensagem é válida em um modelo complexo ?	59fc36eaa9fb160018f10dce_pert_14	59fc36eaa9fb160018f10dce	0
Que tipo de mensagem é enviada em um modelo complexo ?	59fc36eaa9fb160018f10dce_pert_15	59fc36eaa9fb160018f10dce	0
Que tipo de mensagem é colocada em um modelo complexo ?	59fc36eaa9fb160018f10dce_pert_16	59fc36eaa9fb160018f10dce	0
Que tipo de mensagem é baseada em um modelo complexo ?	59fc36eaa9fb160018f10dce_pert_17	59fc36eaa9fb160018f10dce	0
Que tipo de mensagem é esperado em um modelo complexo ?	59fc36eaa9fb160018f10dce_pert_18	59fc36eaa9fb160018f10dce	0
Que tipo de mensagem é criada em um modelo complexo ?	59fc36eaa9fb160018f10dce_pert_19	59fc36eaa9fb160018f10dce	0
Quais navios foram atacados em 1852 ?	56f799d2a6d7ea1400e17260	56f799d2a6d7ea1400e17260	1
Quais navios foram construídos em 1852 ?	56f799d2a6d7ea1400e17260_pert_0	56f799d2a6d7ea1400e17260	0
Quais navios foram lançados em 1852 ?	56f799d2a6d7ea1400e17260_pert_1	56f799d2a6d7ea1400e17260	0
Quais navios foram fabricados em 1852 ?	56f799d2a6d7ea1400e17260_pert_2	56f799d2a6d7ea1400e17260	0
Quais navios foram vendidos em 1852 ?	56f799d2a6d7ea1400e17260_pert_3	56f799d2a6d7ea1400e17260	0
Quais navios foram adquiridos em 1852 ?	56f799d2a6d7ea1400e17260_pert_4	56f799d2a6d7ea1400e17260	0
Quais navios foram usados em 1852 ?	56f799d2a6d7ea1400e17260_pert_5	56f799d2a6d7ea1400e17260	0
Quais navios foram utilizados em 1852 ?	56f799d2a6d7ea1400e17260_pert_6	56f799d2a6d7ea1400e17260	0
Quais navios foram feitos em 1852 ?	56f799d2a6d7ea1400e17260_pert_7	56f799d2a6d7ea1400e17260	0
Quais navios foram descobertos em 1852 ?	56f799d2a6d7ea1400e17260_pert_8	56f799d2a6d7ea1400e17260	0
Quais navios foram entregues em 1852 ?	56f799d2a6d7ea1400e17260_pert_9	56f799d2a6d7ea1400e17260	0
Quais navios foram produzidos em 1852 ?	56f799d2a6d7ea1400e17260_pert_10	56f799d2a6d7ea1400e17260	0
Quais navios foram contratados em 1852 ?	56f799d2a6d7ea1400e17260_pert_11	56f799d2a6d7ea1400e17260	0
Quais navios foram adicionados em 1852 ?	56f799d2a6d7ea1400e17260_pert_12	56f799d2a6d7ea1400e17260	0
Quais navios foram destruídos em 1852 ?	56f799d2a6d7ea1400e17260_pert_13	56f799d2a6d7ea1400e17260	0
Quais navios foram recebidos em 1852 ?	56f799d2a6d7ea1400e17260_pert_14	56f799d2a6d7ea1400e17260	0
Quais navios foram substituídos em 1852 ?	56f799d2a6d7ea1400e17260_pert_15	56f799d2a6d7ea1400e17260	0
Quais navios foram encontrados em 1852 ?	56f799d2a6d7ea1400e17260_pert_16	56f799d2a6d7ea1400e17260	0
Quais navios foram perdidos em 1852 ?	56f799d2a6d7ea1400e17260_pert_17	56f799d2a6d7ea1400e17260	0
Quais navios foram formados em 1852 ?	56f799d2a6d7ea1400e17260_pert_18	56f799d2a6d7ea1400e17260	0
Quais navios foram transferidos em 1852 ?	56f799d2a6d7ea1400e17260_pert_19	56f799d2a6d7ea1400e17260	0
De que cor os cartuchos foram produzidos pela Nintendo para uso interno ?	57111fd3b654c5140001fb81	57111fd3b654c5140001fb81	1
De que cor os cartuchos foram fabricados pela Nintendo para uso interno ?	57111fd3b654c5140001fb81_pert_0	57111fd3b654c5140001fb81	0
De que cor os cartuchos foram feitos pela Nintendo para uso interno ?	57111fd3b654c5140001fb81_pert_1	57111fd3b654c5140001fb81	0
De que cor os cartuchos foram adquiridos pela Nintendo para uso interno ?	57111fd3b654c5140001fb81_pert_2	57111fd3b654c5140001fb81	0
De que cor os cartuchos foram produzidos pela Nintendo para uso interno ?	57111fd3b654c5140001fb81_pert_3	57111fd3b654c5140001fb81	0
De que cor os cartuchos foram vendidos pela Nintendo para uso interno ?	57111fd3b654c5140001fb81_pert_4	57111fd3b654c5140001fb81	0
De que cor os cartuchos foram desenvolvidos pela Nintendo para uso interno ?	57111fd3b654c5140001fb81_pert_5	57111fd3b654c5140001fb81	0
De que cor os cartuchos foram criados pela Nintendo para uso interno ?	57111fd3b654c5140001fb81_pert_6	57111fd3b654c5140001fb81	0
De que cor os cartuchos foram lançados pela Nintendo para uso interno ?	57111fd3b654c5140001fb81_pert_7	57111fd3b654c5140001fb81	0
De que cor os cartuchos foram usados pela Nintendo para uso interno ?	57111fd3b654c5140001fb81_pert_8	57111fd3b654c5140001fb81	0
De que cor os cartuchos foram escolhidos pela Nintendo para uso interno ?	57111fd3b654c5140001fb81_pert_9	57111fd3b654c5140001fb81	0
De que cor os cartuchos foram colocados pela Nintendo para uso interno ?	57111fd3b654c5140001fb81_pert_10	57111fd3b654c5140001fb81	0
De que cor os cartuchos foram oferecidos pela Nintendo para uso interno ?	57111fd3b654c5140001fb81_pert_11	57111fd3b654c5140001fb81	0
De que cor os cartuchos foram enviados pela Nintendo para uso interno ?	57111fd3b654c5140001fb81_pert_12	57111fd3b654c5140001fb81	0
De que cor os cartuchos foram distribuídos pela Nintendo para uso interno ?	57111fd3b654c5140001fb81_pert_13	57111fd3b654c5140001fb81	0
De que cor os cartuchos foram utilizados pela Nintendo para uso interno ?	57111fd3b654c5140001fb81_pert_14	57111fd3b654c5140001fb81	0
De que cor os cartuchos foram selecionados pela Nintendo para uso interno ?	57111fd3b654c5140001fb81_pert_15	57111fd3b654c5140001fb81	0
De que cor os cartuchos foram entregues pela Nintendo para uso interno ?	57111fd3b654c5140001fb81_pert_16	57111fd3b654c5140001fb81	0
De que cor os cartuchos foram preparados pela Nintendo para uso interno ?	57111fd3b654c5140001fb81_pert_17	57111fd3b654c5140001fb81	0
De que cor os cartuchos foram construídos pela Nintendo para uso interno ?	57111fd3b654c5140001fb81_pert_18	57111fd3b654c5140001fb81	0
De que cor os cartuchos foram registrados pela Nintendo para uso interno ?	57111fd3b654c5140001fb81_pert_19	57111fd3b654c5140001fb81	0
Qual foi o ato de mediação responsável pela restauração ?	57277da6dd62a815002e9e8b	57277da6dd62a815002e9e8b	1
Qual foi o ato de gestão responsável pela restauração ?	57277da6dd62a815002e9e8b_pert_0	57277da6dd62a815002e9e8b	0
Qual foi o ato de fé responsável pela restauração ?	57277da6dd62a815002e9e8b_pert_1	57277da6dd62a815002e9e8b	0
Qual foi o ato de ofício responsável pela restauração ?	57277da6dd62a815002e9e8b_pert_2	57277da6dd62a815002e9e8b	0
Qual foi o ato de autoridade responsável pela restauração ?	57277da6dd62a815002e9e8b_pert_3	57277da6dd62a815002e9e8b	0
Qual foi o ato de restauração responsável pela restauração ?	57277da6dd62a815002e9e8b_pert_4	57277da6dd62a815002e9e8b	0
Qual foi o ato de administração responsável pela restauração ?	57277da6dd62a815002e9e8b_pert_5	57277da6dd62a815002e9e8b	0
Qual foi o ato de alguém responsável pela restauração ?	57277da6dd62a815002e9e8b_pert_6	57277da6dd62a815002e9e8b	0
Qual foi o ato de governo responsável pela restauração ?	57277da6dd62a815002e9e8b_pert_7	57277da6dd62a815002e9e8b	0
Qual foi o ato de Deus responsável pela restauração ?	57277da6dd62a815002e9e8b_pert_8	57277da6dd62a815002e9e8b	0
Qual foi o ato de conservação responsável pela restauração ?	57277da6dd62a815002e9e8b_pert_9	57277da6dd62a815002e9e8b	0
Qual foi o ato de poder responsável pela restauração ?	57277da6dd62a815002e9e8b_pert_10	57277da6dd62a815002e9e8b	0
Qual foi o ato de fato responsável pela restauração ?	57277da6dd62a815002e9e8b_pert_11	57277da6dd62a815002e9e8b	0
Qual foi o ato de execução responsável pela restauração ?	57277da6dd62a815002e9e8b_pert_12	57277da6dd62a815002e9e8b	0
Qual foi o ato de vontade responsável pela restauração ?	57277da6dd62a815002e9e8b_pert_13	57277da6dd62a815002e9e8b	0
Qual foi o ato de quem responsável pela restauração ?	57277da6dd62a815002e9e8b_pert_14	57277da6dd62a815002e9e8b	0
Qual foi o ato de adoração responsável pela restauração ?	57277da6dd62a815002e9e8b_pert_15	57277da6dd62a815002e9e8b	0
Qual foi o ato de caridade responsável pela restauração ?	57277da6dd62a815002e9e8b_pert_16	57277da6dd62a815002e9e8b	0
Qual foi o ato de amor responsável pela restauração ?	57277da6dd62a815002e9e8b_pert_17	57277da6dd62a815002e9e8b	0
Qual foi o ato de preservação responsável pela restauração ?	57277da6dd62a815002e9e8b_pert_18	57277da6dd62a815002e9e8b	0
Qual foi o ato de força responsável pela restauração ?	57277da6dd62a815002e9e8b_pert_19	57277da6dd62a815002e9e8b	0
Qual é o exemplo mais antigo de linhas de falha financeira ?	5ad261cfd7d075001a429064	5ad261cfd7d075001a429064	1
Qual é o número mais antigo de linhas de falha financeira ?	5ad261cfd7d075001a429064_pert_0	5ad261cfd7d075001a429064	0
Qual é o tipo mais antigo de linhas de falha financeira ?	5ad261cfd7d075001a429064_pert_1	5ad261cfd7d075001a429064	0
Qual é o caso mais antigo de linhas de falha financeira ?	5ad261cfd7d075001a429064_pert_2	5ad261cfd7d075001a429064	0
Qual é o modelo mais antigo de linhas de falha financeira ?	5ad261cfd7d075001a429064_pert_3	5ad261cfd7d075001a429064	0
Qual é o histórico mais antigo de linhas de falha financeira ?	5ad261cfd7d075001a429064_pert_4	5ad261cfd7d075001a429064	0
Qual é o registro mais antigo de linhas de falha financeira ?	5ad261cfd7d075001a429064_pert_5	5ad261cfd7d075001a429064	0
Qual é o exemplo mais antigo de linhas de falha financeira ?	5ad261cfd7d075001a429064_pert_6	5ad261cfd7d075001a429064	0
Qual é o nível mais antigo de linhas de falha financeira ?	5ad261cfd7d075001a429064_pert_7	5ad261cfd7d075001a429064	0
Qual é o padrão mais antigo de linhas de falha financeira ?	5ad261cfd7d075001a429064_pert_8	5ad261cfd7d075001a429064	0
Qual é o grupo mais antigo de linhas de falha financeira ?	5ad261cfd7d075001a429064_pert_9	5ad261cfd7d075001a429064	0
Qual é o código mais antigo de linhas de falha financeira ?	5ad261cfd7d075001a429064_pert_10	5ad261cfd7d075001a429064	0
Qual é o conjunto mais antigo de linhas de falha financeira ?	5ad261cfd7d075001a429064_pert_11	5ad261cfd7d075001a429064	0
Qual é o sistema mais antigo de linhas de falha financeira ?	5ad261cfd7d075001a429064_pert_12	5ad261cfd7d075001a429064	0
Qual é o relatório mais antigo de linhas de falha financeira ?	5ad261cfd7d075001a429064_pert_13	5ad261cfd7d075001a429064	0
Qual é o volume mais antigo de linhas de falha financeira ?	5ad261cfd7d075001a429064_pert_14	5ad261cfd7d075001a429064	0
Qual é o período mais antigo de linhas de falha financeira ?	5ad261cfd7d075001a429064_pert_15	5ad261cfd7d075001a429064	0
Qual é o índice mais antigo de linhas de falha financeira ?	5ad261cfd7d075001a429064_pert_16	5ad261cfd7d075001a429064	0
Qual é o problema mais antigo de linhas de falha financeira ?	5ad261cfd7d075001a429064_pert_17	5ad261cfd7d075001a429064	0
Qual é o relato mais antigo de linhas de falha financeira ?	5ad261cfd7d075001a429064_pert_18	5ad261cfd7d075001a429064	0
Qual é o dado mais antigo de linhas de falha financeira ?	5ad261cfd7d075001a429064_pert_19	5ad261cfd7d075001a429064	0
Que tratado trata de armas nucleares ?	573121fca5e9cc1400cdbc66	573121fca5e9cc1400cdbc66	1
Que tratado temos de armas nucleares ?	573121fca5e9cc1400cdbc66_pert_0	573121fca5e9cc1400cdbc66	0
Que tratado tem de armas nucleares ?	573121fca5e9cc1400cdbc66_pert_1	573121fca5e9cc1400cdbc66	0
Que tratado é de armas nucleares ?	573121fca5e9cc1400cdbc66_pert_2	573121fca5e9cc1400cdbc66	0
Que tratado existe de armas nucleares ?	573121fca5e9cc1400cdbc66_pert_3	573121fca5e9cc1400cdbc66	0
Que tratado há de armas nucleares ?	573121fca5e9cc1400cdbc66_pert_4	573121fca5e9cc1400cdbc66	0
Que tratado trata de armas nucleares ?	573121fca5e9cc1400cdbc66_pert_5	573121fca5e9cc1400cdbc66	0
Que tratado o de armas nucleares ?	573121fca5e9cc1400cdbc66_pert_6	573121fca5e9cc1400cdbc66	0
Que tratado têm de armas nucleares ?	573121fca5e9cc1400cdbc66_pert_7	573121fca5e9cc1400cdbc66	0
Que tratado fala de armas nucleares ?	573121fca5e9cc1400cdbc66_pert_8	573121fca5e9cc1400cdbc66	0
Que tratado seria de armas nucleares ?	573121fca5e9cc1400cdbc66_pert_9	573121fca5e9cc1400cdbc66	0
Que tratado faz de armas nucleares ?	573121fca5e9cc1400cdbc66_pert_10	573121fca5e9cc1400cdbc66	0
Que tratado quer de armas nucleares ?	573121fca5e9cc1400cdbc66_pert_11	573121fca5e9cc1400cdbc66	0
Que tratado querem de armas nucleares ?	573121fca5e9cc1400cdbc66_pert_12	573121fca5e9cc1400cdbc66	0
Que tratado fazer de armas nucleares ?	573121fca5e9cc1400cdbc66_pert_13	573121fca5e9cc1400cdbc66	0
Que tratado fizeram de armas nucleares ?	573121fca5e9cc1400cdbc66_pert_14	573121fca5e9cc1400cdbc66	0
Que tratado fez de armas nucleares ?	573121fca5e9cc1400cdbc66_pert_15	573121fca5e9cc1400cdbc66	0
Que tratado teria de armas nucleares ?	573121fca5e9cc1400cdbc66_pert_16	573121fca5e9cc1400cdbc66	0
Que tratado fazem de armas nucleares ?	573121fca5e9cc1400cdbc66_pert_17	573121fca5e9cc1400cdbc66	0
Que tratado haverá de armas nucleares ?	573121fca5e9cc1400cdbc66_pert_18	573121fca5e9cc1400cdbc66	0
Que tratado será de armas nucleares ?	573121fca5e9cc1400cdbc66_pert_19	573121fca5e9cc1400cdbc66	0
Quem convenceu Michael Dell a usar varejistas para vender PCs ?	5ad35760604f3c001a3fddf6	5ad35760604f3c001a3fddf6	1
Quem convenceu Michael Dell a usar varejistas para vender PCs ?	5ad35760604f3c001a3fddf6_pert_0	5ad35760604f3c001a3fddf6	0
Quem convenceu Michael Dell a contratar varejistas para vender PCs ?	5ad35760604f3c001a3fddf6_pert_1	5ad35760604f3c001a3fddf6	0
Quem convenceu Michael Dell a comprar varejistas para vender PCs ?	5ad35760604f3c001a3fddf6_pert_2	5ad35760604f3c001a3fddf6	0
Quem convenceu Michael Dell a procurar varejistas para vender PCs ?	5ad35760604f3c001a3fddf6_pert_3	5ad35760604f3c001a3fddf6	0
Quem convenceu Michael Dell a criar varejistas para vender PCs ?	5ad35760604f3c001a3fddf6_pert_4	5ad35760604f3c001a3fddf6	0
Quem convenceu Michael Dell a escolher varejistas para vender PCs ?	5ad35760604f3c001a3fddf6_pert_5	5ad35760604f3c001a3fddf6	0
Quem convenceu Michael Dell a utilizar varejistas para vender PCs ?	5ad35760604f3c001a3fddf6_pert_6	5ad35760604f3c001a3fddf6	0
Quem convenceu Michael Dell a pagar varejistas para vender PCs ?	5ad35760604f3c001a3fddf6_pert_7	5ad35760604f3c001a3fddf6	0
Quem convenceu Michael Dell a chamar varejistas para vender PCs ?	5ad35760604f3c001a3fddf6_pert_8	5ad35760604f3c001a3fddf6	0
Quem convenceu Michael Dell a atacar varejistas para vender PCs ?	5ad35760604f3c001a3fddf6_pert_9	5ad35760604f3c001a3fddf6	0
Quem convenceu Michael Dell a reunir varejistas para vender PCs ?	5ad35760604f3c001a3fddf6_pert_10	5ad35760604f3c001a3fddf6	0
Quem convenceu Michael Dell a colocar varejistas para vender PCs ?	5ad35760604f3c001a3fddf6_pert_11	5ad35760604f3c001a3fddf6	0
Quem convenceu Michael Dell a buscar varejistas para vender PCs ?	5ad35760604f3c001a3fddf6_pert_12	5ad35760604f3c001a3fddf6	0
Quem convenceu Michael Dell a financiar varejistas para vender PCs ?	5ad35760604f3c001a3fddf6_pert_13	5ad35760604f3c001a3fddf6	0
Quem convenceu Michael Dell a atrair varejistas para vender PCs ?	5ad35760604f3c001a3fddf6_pert_14	5ad35760604f3c001a3fddf6	0
Quem convenceu Michael Dell a trazer varejistas para vender PCs ?	5ad35760604f3c001a3fddf6_pert_15	5ad35760604f3c001a3fddf6	0
Quem convenceu Michael Dell a fechar varejistas para vender PCs ?	5ad35760604f3c001a3fddf6_pert_16	5ad35760604f3c001a3fddf6	0
Quem convenceu Michael Dell a abrir varejistas para vender PCs ?	5ad35760604f3c001a3fddf6_pert_17	5ad35760604f3c001a3fddf6	0
Quem convenceu Michael Dell a montar varejistas para vender PCs ?	5ad35760604f3c001a3fddf6_pert_18	5ad35760604f3c001a3fddf6	0
Quem convenceu Michael Dell a vender varejistas para vender PCs ?	5ad35760604f3c001a3fddf6_pert_19	5ad35760604f3c001a3fddf6	0
Como os bytes de bit são transmitidos ?	5728046cff5b5019007d9b05	5728046cff5b5019007d9b05	1
Como os bytes de bit são classificados ?	5728046cff5b5019007d9b05_pert_0	5728046cff5b5019007d9b05	0
Como os bytes de bit são escritos ?	5728046cff5b5019007d9b05_pert_1	5728046cff5b5019007d9b05	0
Como os bytes de bit são gravados ?	5728046cff5b5019007d9b05_pert_2	5728046cff5b5019007d9b05	0
Como os bytes de bit são formados ?	5728046cff5b5019007d9b05_pert_3	5728046cff5b5019007d9b05	0
Como os bytes de bit são obtidos ?	5728046cff5b5019007d9b05_pert_4	5728046cff5b5019007d9b05	0
Como os bytes de bit são conhecidos ?	5728046cff5b5019007d9b05_pert_5	5728046cff5b5019007d9b05	0
Como os bytes de bit são definidos ?	5728046cff5b5019007d9b05_pert_6	5728046cff5b5019007d9b05	0
Como os bytes de bit são representados ?	5728046cff5b5019007d9b05_pert_7	5728046cff5b5019007d9b05	0
Como os bytes de bit são usados ?	5728046cff5b5019007d9b05_pert_8	5728046cff5b5019007d9b05	0
Como os bytes de bit são organizados ?	5728046cff5b5019007d9b05_pert_9	5728046cff5b5019007d9b05	0
Como os bytes de bit são identificados ?	5728046cff5b5019007d9b05_pert_10	5728046cff5b5019007d9b05	0
Como os bytes de bit são gerados ?	5728046cff5b5019007d9b05_pert_11	5728046cff5b5019007d9b05	0
Como os bytes de bit são construídos ?	5728046cff5b5019007d9b05_pert_12	5728046cff5b5019007d9b05	0
Como os bytes de bit são registrados ?	5728046cff5b5019007d9b05_pert_13	5728046cff5b5019007d9b05	0
Como os bytes de bit são chamados ?	5728046cff5b5019007d9b05_pert_14	5728046cff5b5019007d9b05	0
Como os bytes de bit são feitos ?	5728046cff5b5019007d9b05_pert_15	5728046cff5b5019007d9b05	0
Como os bytes de bit são reconhecidos ?	5728046cff5b5019007d9b05_pert_16	5728046cff5b5019007d9b05	0
Como os bytes de bit são transmitidos ?	5728046cff5b5019007d9b05_pert_17	5728046cff5b5019007d9b05	0
Como os bytes de bit são determinados ?	5728046cff5b5019007d9b05_pert_18	5728046cff5b5019007d9b05	0
Como os bytes de bit são criados ?	5728046cff5b5019007d9b05_pert_19	5728046cff5b5019007d9b05	0
Em que ano Nero foi feito imperador ?	5acd4d2c07355d001abf3c73	5acd4d2c07355d001abf3c73	1
Em que ano Nero foi eleito imperador ?	5acd4d2c07355d001abf3c73_pert_0	5acd4d2c07355d001abf3c73	0
Em que ano Nero foi coroado imperador ?	5acd4d2c07355d001abf3c73_pert_1	5acd4d2c07355d001abf3c73	0
Em que ano Nero foi aclamado imperador ?	5acd4d2c07355d001abf3c73_pert_2	5acd4d2c07355d001abf3c73	0
Em que ano Nero foi declarado imperador ?	5acd4d2c07355d001abf3c73_pert_3	5acd4d2c07355d001abf3c73	0
Em que ano Nero foi nomeado imperador ?	5acd4d2c07355d001abf3c73_pert_4	5acd4d2c07355d001abf3c73	0
Em que ano Nero foi escolhido imperador ?	5acd4d2c07355d001abf3c73_pert_5	5acd4d2c07355d001abf3c73	0
Em que ano Nero foi feito imperador ?	5acd4d2c07355d001abf3c73_pert_6	5acd4d2c07355d001abf3c73	0
Em que ano Nero foi considerado imperador ?	5acd4d2c07355d001abf3c73_pert_7	5acd4d2c07355d001abf3c73	0
Em que ano Nero foi designado imperador ?	5acd4d2c07355d001abf3c73_pert_8	5acd4d2c07355d001abf3c73	0
Em que ano Nero foi reeleito imperador ?	5acd4d2c07355d001abf3c73_pert_9	5acd4d2c07355d001abf3c73	0
Em que ano Nero foi o imperador ?	5acd4d2c07355d001abf3c73_pert_10	5acd4d2c07355d001abf3c73	0
Em que ano Nero foi indicado imperador ?	5acd4d2c07355d001abf3c73_pert_11	5acd4d2c07355d001abf3c73	0
Em que ano Nero foi constituído imperador ?	5acd4d2c07355d001abf3c73_pert_12	5acd4d2c07355d001abf3c73	0
Em que ano Nero foi chamado imperador ?	5acd4d2c07355d001abf3c73_pert_13	5acd4d2c07355d001abf3c73	0
Em que ano Nero foi consagrado imperador ?	5acd4d2c07355d001abf3c73_pert_14	5acd4d2c07355d001abf3c73	0
Em que ano Nero foi confirmado imperador ?	5acd4d2c07355d001abf3c73_pert_15	5acd4d2c07355d001abf3c73	0
Em que ano Nero foi tornado imperador ?	5acd4d2c07355d001abf3c73_pert_16	5acd4d2c07355d001abf3c73	0
Em que ano Nero foi lamado imperador ?	5acd4d2c07355d001abf3c73_pert_17	5acd4d2c07355d001abf3c73	0
Em que ano Nero foi proc imperador ?	5acd4d2c07355d001abf3c73_pert_18	5acd4d2c07355d001abf3c73	0
Em que ano Nero foi sagrado imperador ?	5acd4d2c07355d001abf3c73_pert_19	5acd4d2c07355d001abf3c73	0
Que perguntas correspondem às homossexuais ?	57101890b654c5140001f7d6	57101890b654c5140001f7d6	1
Que perguntas fazem às homossexuais ?	57101890b654c5140001f7d6_pert_0	57101890b654c5140001f7d6	0
Que perguntas fazer às homossexuais ?	57101890b654c5140001f7d6_pert_1	57101890b654c5140001f7d6	0
Que perguntas faz às homossexuais ?	57101890b654c5140001f7d6_pert_2	57101890b654c5140001f7d6	0
Que perguntas fizeram às homossexuais ?	57101890b654c5140001f7d6_pert_3	57101890b654c5140001f7d6	0
Que perguntas faria às homossexuais ?	57101890b654c5140001f7d6_pert_4	57101890b654c5140001f7d6	0
Que perguntas faziam às homossexuais ?	57101890b654c5140001f7d6_pert_5	57101890b654c5140001f7d6	0
Que perguntas fez às homossexuais ?	57101890b654c5140001f7d6_pert_6	57101890b654c5140001f7d6	0
Que perguntas feitas às homossexuais ?	57101890b654c5140001f7d6_pert_7	57101890b654c5140001f7d6	0
Que perguntas responder às homossexuais ?	57101890b654c5140001f7d6_pert_8	57101890b654c5140001f7d6	0
Que perguntas fazia às homossexuais ?	57101890b654c5140001f7d6_pert_9	57101890b654c5140001f7d6	0
Que perguntas fiz às homossexuais ?	57101890b654c5140001f7d6_pert_10	57101890b654c5140001f7d6	0
Que perguntas fará às homossexuais ?	57101890b654c5140001f7d6_pert_11	57101890b654c5140001f7d6	0
Que perguntas faça às homossexuais ?	57101890b654c5140001f7d6_pert_12	57101890b654c5140001f7d6	0
Que perguntas surgem às homossexuais ?	57101890b654c5140001f7d6_pert_13	57101890b654c5140001f7d6	0
Que perguntas servem às homossexuais ?	57101890b654c5140001f7d6_pert_14	57101890b654c5140001f7d6	0
Que perguntas são às homossexuais ?	57101890b654c5140001f7d6_pert_15	57101890b654c5140001f7d6	0
Que perguntas dirige às homossexuais ?	57101890b654c5140001f7d6_pert_16	57101890b654c5140001f7d6	0
Que perguntas ocorrem às homossexuais ?	57101890b654c5140001f7d6_pert_17	57101890b654c5140001f7d6	0
Que perguntas permitem às homossexuais ?	57101890b654c5140001f7d6_pert_18	57101890b654c5140001f7d6	0
Que perguntas existem às homossexuais ?	57101890b654c5140001f7d6_pert_19	57101890b654c5140001f7d6	0
Qual era o nome do padrão incompleto ?	5a8c3316fd22b3001a8d8643	5a8c3316fd22b3001a8d8643	1
Qual era o nome do nome incompleto ?	5a8c3316fd22b3001a8d8643_pert_0	5a8c3316fd22b3001a8d8643	0
Qual era o nome do aluno incompleto ?	5a8c3316fd22b3001a8d8643_pert_1	5a8c3316fd22b3001a8d8643	0
Qual era o nome do homem incompleto ?	5a8c3316fd22b3001a8d8643_pert_2	5a8c3316fd22b3001a8d8643	0
Qual era o nome do filho incompleto ?	5a8c3316fd22b3001a8d8643_pert_3	5a8c3316fd22b3001a8d8643	0
Qual era o nome do estudante incompleto ?	5a8c3316fd22b3001a8d8643_pert_4	5a8c3316fd22b3001a8d8643	0
Qual era o nome do candidato incompleto ?	5a8c3316fd22b3001a8d8643_pert_5	5a8c3316fd22b3001a8d8643	0
Qual era o nome do termo incompleto ?	5a8c3316fd22b3001a8d8643_pert_6	5a8c3316fd22b3001a8d8643	0
Qual era o nome do trabalho incompleto ?	5a8c3316fd22b3001a8d8643_pert_7	5a8c3316fd22b3001a8d8643	0
Qual era o nome do curso incompleto ?	5a8c3316fd22b3001a8d8643_pert_8	5a8c3316fd22b3001a8d8643	0
Qual era o nome do sujeito incompleto ?	5a8c3316fd22b3001a8d8643_pert_9	5a8c3316fd22b3001a8d8643	0
Qual era o nome do texto incompleto ?	5a8c3316fd22b3001a8d8643_pert_10	5a8c3316fd22b3001a8d8643	0
Qual era o nome do trabalhador incompleto ?	5a8c3316fd22b3001a8d8643_pert_11	5a8c3316fd22b3001a8d8643	0
Qual era o nome do verbo incompleto ?	5a8c3316fd22b3001a8d8643_pert_12	5a8c3316fd22b3001a8d8643	0
Qual era o nome do projeto incompleto ?	5a8c3316fd22b3001a8d8643_pert_13	5a8c3316fd22b3001a8d8643	0
Qual era o nome do ano incompleto ?	5a8c3316fd22b3001a8d8643_pert_14	5a8c3316fd22b3001a8d8643	0
Qual era o nome do quadro incompleto ?	5a8c3316fd22b3001a8d8643_pert_15	5a8c3316fd22b3001a8d8643	0
Qual era o nome do produto incompleto ?	5a8c3316fd22b3001a8d8643_pert_16	5a8c3316fd22b3001a8d8643	0
Qual era o nome do número incompleto ?	5a8c3316fd22b3001a8d8643_pert_17	5a8c3316fd22b3001a8d8643	0
Qual era o nome do livro incompleto ?	5a8c3316fd22b3001a8d8643_pert_18	5a8c3316fd22b3001a8d8643	0
Qual era o nome do endereço incompleto ?	5a8c3316fd22b3001a8d8643_pert_19	5a8c3316fd22b3001a8d8643	0
Onde estava Christina Christian quando foi eliminada do show ?	56d370aa59d6e414001463c2	56d370aa59d6e414001463c2	1
Onde estava Christina Christian quando foi embora do show ?	56d370aa59d6e414001463c2_pert_0	56d370aa59d6e414001463c2	0
Onde estava Christina Christian quando foi retirada do show ?	56d370aa59d6e414001463c2_pert_1	56d370aa59d6e414001463c2	0
Onde estava Christina Christian quando foi sair do show ?	56d370aa59d6e414001463c2_pert_2	56d370aa59d6e414001463c2	0
Onde estava Christina Christian quando foi chamada do show ?	56d370aa59d6e414001463c2_pert_3	56d370aa59d6e414001463c2	0
Onde estava Christina Christian quando foi cortada do show ?	56d370aa59d6e414001463c2_pert_4	56d370aa59d6e414001463c2	0
Onde estava Christina Christian quando foi transferida do show ?	56d370aa59d6e414001463c2_pert_5	56d370aa59d6e414001463c2	0
Onde estava Christina Christian quando foi participar do show ?	56d370aa59d6e414001463c2_pert_6	56d370aa59d6e414001463c2	0
Onde estava Christina Christian quando foi convidada do show ?	56d370aa59d6e414001463c2_pert_7	56d370aa59d6e414001463c2	0
Onde estava Christina Christian quando foi eliminada do show ?	56d370aa59d6e414001463c2_pert_8	56d370aa59d6e414001463c2	0
Onde estava Christina Christian quando foi expulso do show ?	56d370aa59d6e414001463c2_pert_9	56d370aa59d6e414001463c2	0
Onde estava Christina Christian quando foi depois do show ?	56d370aa59d6e414001463c2_pert_10	56d370aa59d6e414001463c2	0
Onde estava Christina Christian quando foi antes do show ?	56d370aa59d6e414001463c2_pert_11	56d370aa59d6e414001463c2	0
Onde estava Christina Christian quando foi anunciada do show ?	56d370aa59d6e414001463c2_pert_12	56d370aa59d6e414001463c2	0
Onde estava Christina Christian quando foi atrás do show ?	56d370aa59d6e414001463c2_pert_13	56d370aa59d6e414001463c2	0
Onde estava Christina Christian quando foi cancelada do show ?	56d370aa59d6e414001463c2_pert_14	56d370aa59d6e414001463c2	0
Onde estava Christina Christian quando foi contratada do show ?	56d370aa59d6e414001463c2_pert_15	56d370aa59d6e414001463c2	0
Onde estava Christina Christian quando foi saída do show ?	56d370aa59d6e414001463c2_pert_16	56d370aa59d6e414001463c2	0
Onde estava Christina Christian quando foi desistir do show ?	56d370aa59d6e414001463c2_pert_17	56d370aa59d6e414001463c2	0
Onde estava Christina Christian quando foi retirado do show ?	56d370aa59d6e414001463c2_pert_18	56d370aa59d6e414001463c2	0
Onde estava Christina Christian quando foi despedida do show ?	56d370aa59d6e414001463c2_pert_19	56d370aa59d6e414001463c2	0
Qual a nacionalidade de Estêvão Gomes ?	56ce34c7aab44d1400b88596	56ce34c7aab44d1400b88596	1
Qual a opinião de Estêvão Gomes ?	56ce34c7aab44d1400b88596_pert_0	56ce34c7aab44d1400b88596	0
Qual a idade de Estêvão Gomes ?	56ce34c7aab44d1400b88596_pert_1	56ce34c7aab44d1400b88596	0
Qual a posição de Estêvão Gomes ?	56ce34c7aab44d1400b88596_pert_2	56ce34c7aab44d1400b88596	0
Qual a importância de Estêvão Gomes ?	56ce34c7aab44d1400b88596_pert_3	56ce34c7aab44d1400b88596	0
Qual a origem de Estêvão Gomes ?	56ce34c7aab44d1400b88596_pert_4	56ce34c7aab44d1400b88596	0
Qual a história de Estêvão Gomes ?	56ce34c7aab44d1400b88596_pert_5	56ce34c7aab44d1400b88596	0
Qual a resposta de Estêvão Gomes ?	56ce34c7aab44d1400b88596_pert_6	56ce34c7aab44d1400b88596	0
Qual a intenção de Estêvão Gomes ?	56ce34c7aab44d1400b88596_pert_7	56ce34c7aab44d1400b88596	0
Qual a função de Estêvão Gomes ?	56ce34c7aab44d1400b88596_pert_8	56ce34c7aab44d1400b88596	0
Qual a missão de Estêvão Gomes ?	56ce34c7aab44d1400b88596_pert_9	56ce34c7aab44d1400b88596	0
Qual a situação de Estêvão Gomes ?	56ce34c7aab44d1400b88596_pert_10	56ce34c7aab44d1400b88596	0
Qual a identidade de Estêvão Gomes ?	56ce34c7aab44d1400b88596_pert_11	56ce34c7aab44d1400b88596	0
Qual a biografia de Estêvão Gomes ?	56ce34c7aab44d1400b88596_pert_12	56ce34c7aab44d1400b88596	0
Qual a proposta de Estêvão Gomes ?	56ce34c7aab44d1400b88596_pert_13	56ce34c7aab44d1400b88596	0
Qual a razão de Estêvão Gomes ?	56ce34c7aab44d1400b88596_pert_14	56ce34c7aab44d1400b88596	0
Qual a profissão de Estêvão Gomes ?	56ce34c7aab44d1400b88596_pert_15	56ce34c7aab44d1400b88596	0
Qual a versão de Estêvão Gomes ?	56ce34c7aab44d1400b88596_pert_16	56ce34c7aab44d1400b88596	0
Qual a nacionalidade de Estêvão Gomes ?	56ce34c7aab44d1400b88596_pert_17	56ce34c7aab44d1400b88596	0
Qual a culpa de Estêvão Gomes ?	56ce34c7aab44d1400b88596_pert_18	56ce34c7aab44d1400b88596	0
Qual a motivação de Estêvão Gomes ?	56ce34c7aab44d1400b88596_pert_19	56ce34c7aab44d1400b88596	0
O que terminou o início da diferenciação de classe ?	5ad4a8225b96ef001a109d20	5ad4a8225b96ef001a109d20	1
O que é o início da diferenciação de classe ?	5ad4a8225b96ef001a109d20_pert_0	5ad4a8225b96ef001a109d20	0
O que foi o início da diferenciação de classe ?	5ad4a8225b96ef001a109d20_pert_1	5ad4a8225b96ef001a109d20	0
O que marca o início da diferenciação de classe ?	5ad4a8225b96ef001a109d20_pert_2	5ad4a8225b96ef001a109d20	0
O que significa o início da diferenciação de classe ?	5ad4a8225b96ef001a109d20_pert_3	5ad4a8225b96ef001a109d20	0
O que representa o início da diferenciação de classe ?	5ad4a8225b96ef001a109d20_pert_4	5ad4a8225b96ef001a109d20	0
O que seria o início da diferenciação de classe ?	5ad4a8225b96ef001a109d20_pert_5	5ad4a8225b96ef001a109d20	0
O que marcou o início da diferenciação de classe ?	5ad4a8225b96ef001a109d20_pert_6	5ad4a8225b96ef001a109d20	0
O que explica o início da diferenciação de classe ?	5ad4a8225b96ef001a109d20_pert_7	5ad4a8225b96ef001a109d20	0
O que determina o início da diferenciação de classe ?	5ad4a8225b96ef001a109d20_pert_8	5ad4a8225b96ef001a109d20	0
O que representou o início da diferenciação de classe ?	5ad4a8225b96ef001a109d20_pert_9	5ad4a8225b96ef001a109d20	0
O que caracteriza o início da diferenciação de classe ?	5ad4a8225b96ef001a109d20_pert_10	5ad4a8225b96ef001a109d20	0
O que constitui o início da diferenciação de classe ?	5ad4a8225b96ef001a109d20_pert_11	5ad4a8225b96ef001a109d20	0
O que permitiu o início da diferenciação de classe ?	5ad4a8225b96ef001a109d20_pert_12	5ad4a8225b96ef001a109d20	0
O que determinou o início da diferenciação de classe ?	5ad4a8225b96ef001a109d20_pert_13	5ad4a8225b96ef001a109d20	0
O que provocou o início da diferenciação de classe ?	5ad4a8225b96ef001a109d20_pert_14	5ad4a8225b96ef001a109d20	0
O que causou o início da diferenciação de classe ?	5ad4a8225b96ef001a109d20_pert_15	5ad4a8225b96ef001a109d20	0
O que define o início da diferenciação de classe ?	5ad4a8225b96ef001a109d20_pert_16	5ad4a8225b96ef001a109d20	0
O que indica o início da diferenciação de classe ?	5ad4a8225b96ef001a109d20_pert_17	5ad4a8225b96ef001a109d20	0
O que mostra o início da diferenciação de classe ?	5ad4a8225b96ef001a109d20_pert_18	5ad4a8225b96ef001a109d20	0
O que provoca o início da diferenciação de classe ?	5ad4a8225b96ef001a109d20_pert_19	5ad4a8225b96ef001a109d20	0
Qual foi a intensidade escalada ?	56cdd21562d2951400fa68b2	56cdd21562d2951400fa68b2	1
Qual foi a intensidade dela ?	56cdd21562d2951400fa68b2_pert_0	56cdd21562d2951400fa68b2	0
Qual foi a intensidade dele ?	56cdd21562d2951400fa68b2_pert_1	56cdd21562d2951400fa68b2	0
Qual foi a intensidade delas ?	56cdd21562d2951400fa68b2_pert_2	56cdd21562d2951400fa68b2	0
Qual foi a intensidade disso ?	56cdd21562d2951400fa68b2_pert_3	56cdd21562d2951400fa68b2	0
Qual foi a intensidade deles ?	56cdd21562d2951400fa68b2_pert_4	56cdd21562d2951400fa68b2	0
Qual foi a intensidade maior ?	56cdd21562d2951400fa68b2_pert_5	56cdd21562d2951400fa68b2	0
Qual foi a intensidade atingida ?	56cdd21562d2951400fa68b2_pert_6	56cdd21562d2951400fa68b2	0
Qual foi a intensidade utilizada ?	56cdd21562d2951400fa68b2_pert_7	56cdd21562d2951400fa68b2	0
Qual foi a intensidade máxima ?	56cdd21562d2951400fa68b2_pert_8	56cdd21562d2951400fa68b2	0
Qual foi a intensidade desta ?	56cdd21562d2951400fa68b2_pert_9	56cdd21562d2951400fa68b2	0
Qual foi a intensidade disto ?	56cdd21562d2951400fa68b2_pert_10	56cdd21562d2951400fa68b2	0
Qual foi a intensidade usada ?	56cdd21562d2951400fa68b2_pert_11	56cdd21562d2951400fa68b2	0
Qual foi a intensidade dessa ?	56cdd21562d2951400fa68b2_pert_12	56cdd21562d2951400fa68b2	0
Qual foi a intensidade média ?	56cdd21562d2951400fa68b2_pert_13	56cdd21562d2951400fa68b2	0
Qual foi a intensidade aplicada ?	56cdd21562d2951400fa68b2_pert_14	56cdd21562d2951400fa68b2	0
Qual foi a intensidade escolhida ?	56cdd21562d2951400fa68b2_pert_15	56cdd21562d2951400fa68b2	0
Qual foi a intensidade total ?	56cdd21562d2951400fa68b2_pert_16	56cdd21562d2951400fa68b2	0
Qual foi a intensidade inicial ?	56cdd21562d2951400fa68b2_pert_17	56cdd21562d2951400fa68b2	0
Qual foi a intensidade ? ?	56cdd21562d2951400fa68b2_pert_18	56cdd21562d2951400fa68b2	0
Qual foi a intensidade deste ?	56cdd21562d2951400fa68b2_pert_19	56cdd21562d2951400fa68b2	0
Onde os tornados são mais comuns na Terra ?	572ed039c246551400ce46d6	572ed039c246551400ce46d6	1
Onde os raios são mais comuns na Terra ?	572ed039c246551400ce46d6_pert_0	572ed039c246551400ce46d6	0
Onde os buracos são mais comuns na Terra ?	572ed039c246551400ce46d6_pert_1	572ed039c246551400ce46d6	0
Onde os alienígenas são mais comuns na Terra ?	572ed039c246551400ce46d6_pert_2	572ed039c246551400ce46d6	0
Onde os vírus são mais comuns na Terra ?	572ed039c246551400ce46d6_pert_3	572ed039c246551400ce46d6	0
Onde os animais são mais comuns na Terra ?	572ed039c246551400ce46d6_pert_4	572ed039c246551400ce46d6	0
Onde os problemas são mais comuns na Terra ?	572ed039c246551400ce46d6_pert_5	572ed039c246551400ce46d6	0
Onde os insetos são mais comuns na Terra ?	572ed039c246551400ce46d6_pert_6	572ed039c246551400ce46d6	0
Onde os acidentes são mais comuns na Terra ?	572ed039c246551400ce46d6_pert_7	572ed039c246551400ce46d6	0
Onde os planetas são mais comuns na Terra ?	572ed039c246551400ce46d6_pert_8	572ed039c246551400ce46d6	0
Onde os vampiros são mais comuns na Terra ?	572ed039c246551400ce46d6_pert_9	572ed039c246551400ce46d6	0
Onde os dinossauros são mais comuns na Terra ?	572ed039c246551400ce46d6_pert_10	572ed039c246551400ce46d6	0
Onde os incêndios são mais comuns na Terra ?	572ed039c246551400ce46d6_pert_11	572ed039c246551400ce46d6	0
Onde os humanos são mais comuns na Terra ?	572ed039c246551400ce46d6_pert_12	572ed039c246551400ce46d6	0
Onde os conflitos são mais comuns na Terra ?	572ed039c246551400ce46d6_pert_13	572ed039c246551400ce46d6	0
Onde os gases são mais comuns na Terra ?	572ed039c246551400ce46d6_pert_14	572ed039c246551400ce46d6	0
Onde os fósseis são mais comuns na Terra ?	572ed039c246551400ce46d6_pert_15	572ed039c246551400ce46d6	0
Onde os fungos são mais comuns na Terra ?	572ed039c246551400ce46d6_pert_16	572ed039c246551400ce46d6	0
Onde os gatos são mais comuns na Terra ?	572ed039c246551400ce46d6_pert_17	572ed039c246551400ce46d6	0
Onde os peixes são mais comuns na Terra ?	572ed039c246551400ce46d6_pert_18	572ed039c246551400ce46d6	0
Onde os erros são mais comuns na Terra ?	572ed039c246551400ce46d6_pert_19	572ed039c246551400ce46d6	0
O que substituiu objetos de metal ?	5a611ac3e9e1cc001a33cf1c	5a611ac3e9e1cc001a33cf1c	1
O que são objetos de metal ?	5a611ac3e9e1cc001a33cf1c_pert_0	5a611ac3e9e1cc001a33cf1c	0
O que seriam objetos de metal ?	5a611ac3e9e1cc001a33cf1c_pert_1	5a611ac3e9e1cc001a33cf1c	0
O que é objetos de metal ?	5a611ac3e9e1cc001a33cf1c_pert_2	5a611ac3e9e1cc001a33cf1c	0
O que significa objetos de metal ?	5a611ac3e9e1cc001a33cf1c_pert_3	5a611ac3e9e1cc001a33cf1c	0
O que eram objetos de metal ?	5a611ac3e9e1cc001a33cf1c_pert_4	5a611ac3e9e1cc001a33cf1c	0
O que os objetos de metal ?	5a611ac3e9e1cc001a33cf1c_pert_5	5a611ac3e9e1cc001a33cf1c	0
O que inclui objetos de metal ?	5a611ac3e9e1cc001a33cf1c_pert_6	5a611ac3e9e1cc001a33cf1c	0
O que representam objetos de metal ?	5a611ac3e9e1cc001a33cf1c_pert_7	5a611ac3e9e1cc001a33cf1c	0
O que fazem objetos de metal ?	5a611ac3e9e1cc001a33cf1c_pert_8	5a611ac3e9e1cc001a33cf1c	0
O que faz objetos de metal ?	5a611ac3e9e1cc001a33cf1c_pert_9	5a611ac3e9e1cc001a33cf1c	0
O que caracteriza objetos de metal ?	5a611ac3e9e1cc001a33cf1c_pert_10	5a611ac3e9e1cc001a33cf1c	0
O que São objetos de metal ?	5a611ac3e9e1cc001a33cf1c_pert_11	5a611ac3e9e1cc001a33cf1c	0
O que diferencia objetos de metal ?	5a611ac3e9e1cc001a33cf1c_pert_12	5a611ac3e9e1cc001a33cf1c	0
O que sejam objetos de metal ?	5a611ac3e9e1cc001a33cf1c_pert_13	5a611ac3e9e1cc001a33cf1c	0
O que seria objetos de metal ?	5a611ac3e9e1cc001a33cf1c_pert_14	5a611ac3e9e1cc001a33cf1c	0
O que envolve objetos de metal ?	5a611ac3e9e1cc001a33cf1c_pert_15	5a611ac3e9e1cc001a33cf1c	0
O que representa objetos de metal ?	5a611ac3e9e1cc001a33cf1c_pert_16	5a611ac3e9e1cc001a33cf1c	0
O que define objetos de metal ?	5a611ac3e9e1cc001a33cf1c_pert_17	5a611ac3e9e1cc001a33cf1c	0
O que parecem objetos de metal ?	5a611ac3e9e1cc001a33cf1c_pert_18	5a611ac3e9e1cc001a33cf1c	0
O que tem objetos de metal ?	5a611ac3e9e1cc001a33cf1c_pert_19	5a611ac3e9e1cc001a33cf1c	0
Qual é o fator chave para a ESA ?	5a848a6d7cf838001a46a8eb	5a848a6d7cf838001a46a8eb	1
Qual é o fator decisivo para a ESA ?	5a848a6d7cf838001a46a8eb_pert_0	5a848a6d7cf838001a46a8eb	0
Qual é o fator chave para a ESA ?	5a848a6d7cf838001a46a8eb_pert_1	5a848a6d7cf838001a46a8eb	0
Qual é o fator principal para a ESA ?	5a848a6d7cf838001a46a8eb_pert_2	5a848a6d7cf838001a46a8eb	0
Qual é o fator importante para a ESA ?	5a848a6d7cf838001a46a8eb_pert_3	5a848a6d7cf838001a46a8eb	0
Qual é o fator fundamental para a ESA ?	5a848a6d7cf838001a46a8eb_pert_4	5a848a6d7cf838001a46a8eb	0
Qual é o fator crucial para a ESA ?	5a848a6d7cf838001a46a8eb_pert_5	5a848a6d7cf838001a46a8eb	0
Qual é o fator essencial para a ESA ?	5a848a6d7cf838001a46a8eb_pert_6	5a848a6d7cf838001a46a8eb	0
Qual é o fator econômico para a ESA ?	5a848a6d7cf838001a46a8eb_pert_7	5a848a6d7cf838001a46a8eb	0
Qual é o fator relevante para a ESA ?	5a848a6d7cf838001a46a8eb_pert_8	5a848a6d7cf838001a46a8eb	0
Qual é o fator estratégico para a ESA ?	5a848a6d7cf838001a46a8eb_pert_9	5a848a6d7cf838001a46a8eb	0
Qual é o fator primordial para a ESA ?	5a848a6d7cf838001a46a8eb_pert_10	5a848a6d7cf838001a46a8eb	0
Qual é o fator político para a ESA ?	5a848a6d7cf838001a46a8eb_pert_11	5a848a6d7cf838001a46a8eb	0
Qual é o fator central para a ESA ?	5a848a6d7cf838001a46a8eb_pert_12	5a848a6d7cf838001a46a8eb	0
Qual é o fator humano para a ESA ?	5a848a6d7cf838001a46a8eb_pert_13	5a848a6d7cf838001a46a8eb	0
Qual é o fator positivo para a ESA ?	5a848a6d7cf838001a46a8eb_pert_14	5a848a6d7cf838001a46a8eb	0
Qual é o fator crítico para a ESA ?	5a848a6d7cf838001a46a8eb_pert_15	5a848a6d7cf838001a46a8eb	0
Qual é o fator novo para a ESA ?	5a848a6d7cf838001a46a8eb_pert_16	5a848a6d7cf838001a46a8eb	0
Qual é o fator financeiro para a ESA ?	5a848a6d7cf838001a46a8eb_pert_17	5a848a6d7cf838001a46a8eb	0
Qual é o fator nuclear para a ESA ?	5a848a6d7cf838001a46a8eb_pert_18	5a848a6d7cf838001a46a8eb	0
Qual é o fator surpresa para a ESA ?	5a848a6d7cf838001a46a8eb_pert_19	5a848a6d7cf838001a46a8eb	0
O que usa um estado de memória interna ?	572679a5f1498d1400e8e100	572679a5f1498d1400e8e100	1
O que é um estado de memória interna ?	572679a5f1498d1400e8e100_pert_0	572679a5f1498d1400e8e100	0
O que seria um estado de memória interna ?	572679a5f1498d1400e8e100_pert_1	572679a5f1498d1400e8e100	0
O que caracteriza um estado de memória interna ?	572679a5f1498d1400e8e100_pert_2	572679a5f1498d1400e8e100	0
O que significa um estado de memória interna ?	572679a5f1498d1400e8e100_pert_3	572679a5f1498d1400e8e100	0
O que constitui um estado de memória interna ?	572679a5f1498d1400e8e100_pert_4	572679a5f1498d1400e8e100	0
O que define um estado de memória interna ?	572679a5f1498d1400e8e100_pert_5	572679a5f1498d1400e8e100	0
O que representa um estado de memória interna ?	572679a5f1498d1400e8e100_pert_6	572679a5f1498d1400e8e100	0
O que gera um estado de memória interna ?	572679a5f1498d1400e8e100_pert_7	572679a5f1498d1400e8e100	0
O que produz um estado de memória interna ?	572679a5f1498d1400e8e100_pert_8	572679a5f1498d1400e8e100	0
O que indica um estado de memória interna ?	572679a5f1498d1400e8e100_pert_9	572679a5f1498d1400e8e100	0
O que era um estado de memória interna ?	572679a5f1498d1400e8e100_pert_10	572679a5f1498d1400e8e100	0
O que causa um estado de memória interna ?	572679a5f1498d1400e8e100_pert_11	572679a5f1498d1400e8e100	0
O que determina um estado de memória interna ?	572679a5f1498d1400e8e100_pert_12	572679a5f1498d1400e8e100	0
O que seja um estado de memória interna ?	572679a5f1498d1400e8e100_pert_13	572679a5f1498d1400e8e100	0
O que será um estado de memória interna ?	572679a5f1498d1400e8e100_pert_14	572679a5f1498d1400e8e100	0
O que provoca um estado de memória interna ?	572679a5f1498d1400e8e100_pert_15	572679a5f1498d1400e8e100	0
O que torna um estado de memória interna ?	572679a5f1498d1400e8e100_pert_16	572679a5f1498d1400e8e100	0
O que faz um estado de memória interna ?	572679a5f1498d1400e8e100_pert_17	572679a5f1498d1400e8e100	0
O que inclui um estado de memória interna ?	572679a5f1498d1400e8e100_pert_18	572679a5f1498d1400e8e100	0
O que estabelece um estado de memória interna ?	572679a5f1498d1400e8e100_pert_19	572679a5f1498d1400e8e100	0
