Sentença	Id	Origem	__next__	Classe
Como pode ser definido um sistema de informação ?	4918ff59e83343b88c1fd3a204f55a3b	4918ff59e83343b88c1fd3a204f55a3b	1	1
Como pode ser definido um sistema de informação ?	4918ff59e83343b88c1fd3a204f55a3b_pert_0	4918ff59e83343b88c1fd3a204f55a3b	2	0
Como deve ser definido um sistema de informação ?	4918ff59e83343b88c1fd3a204f55a3b_pert_1	4918ff59e83343b88c1fd3a204f55a3b	3	0
Como poderia ser definido um sistema de informação ?	4918ff59e83343b88c1fd3a204f55a3b_pert_2	4918ff59e83343b88c1fd3a204f55a3b	4	0
Como deveria ser definido um sistema de informação ?	4918ff59e83343b88c1fd3a204f55a3b_pert_3	4918ff59e83343b88c1fd3a204f55a3b	5	0
Como poderá ser definido um sistema de informação ?	4918ff59e83343b88c1fd3a204f55a3b_pert_4	4918ff59e83343b88c1fd3a204f55a3b	6	0
Como deverá ser definido um sistema de informação ?	4918ff59e83343b88c1fd3a204f55a3b_pert_5	4918ff59e83343b88c1fd3a204f55a3b	7	0
Como costuma ser definido um sistema de informação ?	4918ff59e83343b88c1fd3a204f55a3b_pert_6	4918ff59e83343b88c1fd3a204f55a3b	8	0
Como vai ser definido um sistema de informação ?	4918ff59e83343b88c1fd3a204f55a3b_pert_7	4918ff59e83343b88c1fd3a204f55a3b	9	0
Como precisa ser definido um sistema de informação ?	4918ff59e83343b88c1fd3a204f55a3b_pert_8	4918ff59e83343b88c1fd3a204f55a3b	10	0
Como Pode ser definido um sistema de informação ?	4918ff59e83343b88c1fd3a204f55a3b_pert_9	4918ff59e83343b88c1fd3a204f55a3b	11	0
Como possa ser definido um sistema de informação ?	4918ff59e83343b88c1fd3a204f55a3b_pert_10	4918ff59e83343b88c1fd3a204f55a3b	12	0
Como pôde ser definido um sistema de informação ?	4918ff59e83343b88c1fd3a204f55a3b_pert_11	4918ff59e83343b88c1fd3a204f55a3b	13	0
Como podem ser definido um sistema de informação ?	4918ff59e83343b88c1fd3a204f55a3b_pert_12	4918ff59e83343b88c1fd3a204f55a3b	14	0
Como podia ser definido um sistema de informação ?	4918ff59e83343b88c1fd3a204f55a3b_pert_13	4918ff59e83343b88c1fd3a204f55a3b	15	0
Como é ser definido um sistema de informação ?	4918ff59e83343b88c1fd3a204f55a3b_pert_14	4918ff59e83343b88c1fd3a204f55a3b	16	0
Como parece ser definido um sistema de informação ?	4918ff59e83343b88c1fd3a204f55a3b_pert_15	4918ff59e83343b88c1fd3a204f55a3b	17	0
Como pretende ser definido um sistema de informação ?	4918ff59e83343b88c1fd3a204f55a3b_pert_16	4918ff59e83343b88c1fd3a204f55a3b	18	0
Como poder ser definido um sistema de informação ?	4918ff59e83343b88c1fd3a204f55a3b_pert_17	4918ff59e83343b88c1fd3a204f55a3b	19	0
Como dever ser definido um sistema de informação ?	4918ff59e83343b88c1fd3a204f55a3b_pert_18	4918ff59e83343b88c1fd3a204f55a3b	20	0
Como a ser definido um sistema de informação ?	4918ff59e83343b88c1fd3a204f55a3b_pert_19	4918ff59e83343b88c1fd3a204f55a3b		0
Por que a preocupação com a coleta , armazenamento , processamento e transmissão da informação cresce ?	a8d728463e2f4fe792c6c756e0fd14a4	a8d728463e2f4fe792c6c756e0fd14a4	22	1
Por que a preocupação com a coleta , armazenamento , processamento e transmissão da informação científica ?	a8d728463e2f4fe792c6c756e0fd14a4_pert_0	a8d728463e2f4fe792c6c756e0fd14a4	23	0
Por que a preocupação com a coleta , armazenamento , processamento e transmissão da informação digital ?	a8d728463e2f4fe792c6c756e0fd14a4_pert_1	a8d728463e2f4fe792c6c756e0fd14a4	24	0
Por que a preocupação com a coleta , armazenamento , processamento e transmissão da informação pública ?	a8d728463e2f4fe792c6c756e0fd14a4_pert_2	a8d728463e2f4fe792c6c756e0fd14a4	25	0
Por que a preocupação com a coleta , armazenamento , processamento e transmissão da informação tecnológica ?	a8d728463e2f4fe792c6c756e0fd14a4_pert_3	a8d728463e2f4fe792c6c756e0fd14a4	26	0
Por que a preocupação com a coleta , armazenamento , processamento e transmissão da informação ambiental ?	a8d728463e2f4fe792c6c756e0fd14a4_pert_4	a8d728463e2f4fe792c6c756e0fd14a4	27	0
Por que a preocupação com a coleta , armazenamento , processamento e transmissão da informação espacial ?	a8d728463e2f4fe792c6c756e0fd14a4_pert_5	a8d728463e2f4fe792c6c756e0fd14a4	28	0
Por que a preocupação com a coleta , armazenamento , processamento e transmissão da informação histórica ?	a8d728463e2f4fe792c6c756e0fd14a4_pert_6	a8d728463e2f4fe792c6c756e0fd14a4	29	0
Por que a preocupação com a coleta , armazenamento , processamento e transmissão da informação continua ?	a8d728463e2f4fe792c6c756e0fd14a4_pert_7	a8d728463e2f4fe792c6c756e0fd14a4	30	0
Por que a preocupação com a coleta , armazenamento , processamento e transmissão da informação social ?	a8d728463e2f4fe792c6c756e0fd14a4_pert_8	a8d728463e2f4fe792c6c756e0fd14a4	31	0
Por que a preocupação com a coleta , armazenamento , processamento e transmissão da informação existe ?	a8d728463e2f4fe792c6c756e0fd14a4_pert_9	a8d728463e2f4fe792c6c756e0fd14a4	32	0
Por que a preocupação com a coleta , armazenamento , processamento e transmissão da informação mundial ?	a8d728463e2f4fe792c6c756e0fd14a4_pert_10	a8d728463e2f4fe792c6c756e0fd14a4	33	0
Por que a preocupação com a coleta , armazenamento , processamento e transmissão da informação evoluiu ?	a8d728463e2f4fe792c6c756e0fd14a4_pert_11	a8d728463e2f4fe792c6c756e0fd14a4	34	0
Por que a preocupação com a coleta , armazenamento , processamento e transmissão da informação política ?	a8d728463e2f4fe792c6c756e0fd14a4_pert_12	a8d728463e2f4fe792c6c756e0fd14a4	35	0
Por que a preocupação com a coleta , armazenamento , processamento e transmissão da informação hoje ?	a8d728463e2f4fe792c6c756e0fd14a4_pert_13	a8d728463e2f4fe792c6c756e0fd14a4	36	0
Por que a preocupação com a coleta , armazenamento , processamento e transmissão da informação mudou ?	a8d728463e2f4fe792c6c756e0fd14a4_pert_14	a8d728463e2f4fe792c6c756e0fd14a4	37	0
Por que a preocupação com a coleta , armazenamento , processamento e transmissão da informação cultural ?	a8d728463e2f4fe792c6c756e0fd14a4_pert_15	a8d728463e2f4fe792c6c756e0fd14a4	38	0
Por que a preocupação com a coleta , armazenamento , processamento e transmissão da informação atualmente ?	a8d728463e2f4fe792c6c756e0fd14a4_pert_16	a8d728463e2f4fe792c6c756e0fd14a4	39	0
Por que a preocupação com a coleta , armazenamento , processamento e transmissão da informação humana ?	a8d728463e2f4fe792c6c756e0fd14a4_pert_17	a8d728463e2f4fe792c6c756e0fd14a4	40	0
Por que a preocupação com a coleta , armazenamento , processamento e transmissão da informação médica ?	a8d728463e2f4fe792c6c756e0fd14a4_pert_18	a8d728463e2f4fe792c6c756e0fd14a4	41	0
Por que a preocupação com a coleta , armazenamento , processamento e transmissão da informação precisa ?	a8d728463e2f4fe792c6c756e0fd14a4_pert_19	a8d728463e2f4fe792c6c756e0fd14a4		0
Em que se concentram as responsabilidades do analista de sistemas ?	ee17827309224fa8acfb23a05e2fa853	ee17827309224fa8acfb23a05e2fa853	43	1
Em que se incluem as responsabilidades do analista de sistemas ?	ee17827309224fa8acfb23a05e2fa853_pert_0	ee17827309224fa8acfb23a05e2fa853	44	0
Em que se baseia as responsabilidades do analista de sistemas ?	ee17827309224fa8acfb23a05e2fa853_pert_1	ee17827309224fa8acfb23a05e2fa853	45	0
Em que se encontram as responsabilidades do analista de sistemas ?	ee17827309224fa8acfb23a05e2fa853_pert_2	ee17827309224fa8acfb23a05e2fa853	46	0
Em que se dividem as responsabilidades do analista de sistemas ?	ee17827309224fa8acfb23a05e2fa853_pert_3	ee17827309224fa8acfb23a05e2fa853	47	0
Em que se constituem as responsabilidades do analista de sistemas ?	ee17827309224fa8acfb23a05e2fa853_pert_4	ee17827309224fa8acfb23a05e2fa853	48	0
Em que se diferem as responsabilidades do analista de sistemas ?	ee17827309224fa8acfb23a05e2fa853_pert_5	ee17827309224fa8acfb23a05e2fa853	49	0
Em que se referem as responsabilidades do analista de sistemas ?	ee17827309224fa8acfb23a05e2fa853_pert_6	ee17827309224fa8acfb23a05e2fa853	50	0
Em que se envolvem as responsabilidades do analista de sistemas ?	ee17827309224fa8acfb23a05e2fa853_pert_7	ee17827309224fa8acfb23a05e2fa853	51	0
Em que se dão as responsabilidades do analista de sistemas ?	ee17827309224fa8acfb23a05e2fa853_pert_8	ee17827309224fa8acfb23a05e2fa853	52	0
Em que se concentra as responsabilidades do analista de sistemas ?	ee17827309224fa8acfb23a05e2fa853_pert_9	ee17827309224fa8acfb23a05e2fa853	53	0
Em que se destacam as responsabilidades do analista de sistemas ?	ee17827309224fa8acfb23a05e2fa853_pert_10	ee17827309224fa8acfb23a05e2fa853	54	0
Em que se desenvolvem as responsabilidades do analista de sistemas ?	ee17827309224fa8acfb23a05e2fa853_pert_11	ee17827309224fa8acfb23a05e2fa853	55	0
Em que se funda as responsabilidades do analista de sistemas ?	ee17827309224fa8acfb23a05e2fa853_pert_12	ee17827309224fa8acfb23a05e2fa853	56	0
Em que se refere as responsabilidades do analista de sistemas ?	ee17827309224fa8acfb23a05e2fa853_pert_13	ee17827309224fa8acfb23a05e2fa853	57	0
Em que se divide as responsabilidades do analista de sistemas ?	ee17827309224fa8acfb23a05e2fa853_pert_14	ee17827309224fa8acfb23a05e2fa853	58	0
Em que se encontra as responsabilidades do analista de sistemas ?	ee17827309224fa8acfb23a05e2fa853_pert_15	ee17827309224fa8acfb23a05e2fa853	59	0
Em que se apresentam as responsabilidades do analista de sistemas ?	ee17827309224fa8acfb23a05e2fa853_pert_16	ee17827309224fa8acfb23a05e2fa853	60	0
Em que se consistem as responsabilidades do analista de sistemas ?	ee17827309224fa8acfb23a05e2fa853_pert_17	ee17827309224fa8acfb23a05e2fa853	61	0
Em que se situa as responsabilidades do analista de sistemas ?	ee17827309224fa8acfb23a05e2fa853_pert_18	ee17827309224fa8acfb23a05e2fa853	62	0
Em que se apoia as responsabilidades do analista de sistemas ?	ee17827309224fa8acfb23a05e2fa853_pert_19	ee17827309224fa8acfb23a05e2fa853		0
O que é análise de sistemas ?	3f8ee2355e1f4745a10f55a9cc41396f	3f8ee2355e1f4745a10f55a9cc41396f	64	1
O que é análise de sistemas ?	3f8ee2355e1f4745a10f55a9cc41396f_pert_0	3f8ee2355e1f4745a10f55a9cc41396f	65	0
O que é engenharia de sistemas ?	3f8ee2355e1f4745a10f55a9cc41396f_pert_1	3f8ee2355e1f4745a10f55a9cc41396f	66	0
O que é arquitetura de sistemas ?	3f8ee2355e1f4745a10f55a9cc41396f_pert_2	3f8ee2355e1f4745a10f55a9cc41396f	67	0
O que é desenvolvimento de sistemas ?	3f8ee2355e1f4745a10f55a9cc41396f_pert_3	3f8ee2355e1f4745a10f55a9cc41396f	68	0
O que é integração de sistemas ?	3f8ee2355e1f4745a10f55a9cc41396f_pert_4	3f8ee2355e1f4745a10f55a9cc41396f	69	0
O que é gerenciamento de sistemas ?	3f8ee2355e1f4745a10f55a9cc41396f_pert_5	3f8ee2355e1f4745a10f55a9cc41396f	70	0
O que é avaliação de sistemas ?	3f8ee2355e1f4745a10f55a9cc41396f_pert_6	3f8ee2355e1f4745a10f55a9cc41396f	71	0
O que é gestão de sistemas ?	3f8ee2355e1f4745a10f55a9cc41396f_pert_7	3f8ee2355e1f4745a10f55a9cc41396f	72	0
O que é segurança de sistemas ?	3f8ee2355e1f4745a10f55a9cc41396f_pert_8	3f8ee2355e1f4745a10f55a9cc41396f	73	0
O que é administração de sistemas ?	3f8ee2355e1f4745a10f55a9cc41396f_pert_9	3f8ee2355e1f4745a10f55a9cc41396f	74	0
O que é teste de sistemas ?	3f8ee2355e1f4745a10f55a9cc41396f_pert_10	3f8ee2355e1f4745a10f55a9cc41396f	75	0
O que é design de sistemas ?	3f8ee2355e1f4745a10f55a9cc41396f_pert_11	3f8ee2355e1f4745a10f55a9cc41396f	76	0
O que é teoria de sistemas ?	3f8ee2355e1f4745a10f55a9cc41396f_pert_12	3f8ee2355e1f4745a10f55a9cc41396f	77	0
O que é Arquitetura de sistemas ?	3f8ee2355e1f4745a10f55a9cc41396f_pert_13	3f8ee2355e1f4745a10f55a9cc41396f	78	0
O que é administrador de sistemas ?	3f8ee2355e1f4745a10f55a9cc41396f_pert_14	3f8ee2355e1f4745a10f55a9cc41396f	79	0
O que é Engenharia de sistemas ?	3f8ee2355e1f4745a10f55a9cc41396f_pert_15	3f8ee2355e1f4745a10f55a9cc41396f	80	0
O que é linguagem de sistemas ?	3f8ee2355e1f4745a10f55a9cc41396f_pert_16	3f8ee2355e1f4745a10f55a9cc41396f	81	0
O que é complexidade de sistemas ?	3f8ee2355e1f4745a10f55a9cc41396f_pert_17	3f8ee2355e1f4745a10f55a9cc41396f	82	0
O que é lógica de sistemas ?	3f8ee2355e1f4745a10f55a9cc41396f_pert_18	3f8ee2355e1f4745a10f55a9cc41396f	83	0
O que é engenheiro de sistemas ?	3f8ee2355e1f4745a10f55a9cc41396f_pert_19	3f8ee2355e1f4745a10f55a9cc41396f		0
Por que o analista de sistemas deve traduzir a necessidade do usuário ?	9148d87eb4b34d9390f8a485116361ae	9148d87eb4b34d9390f8a485116361ae	85	1
Por que o analista de sistemas deve entender a necessidade do usuário ?	9148d87eb4b34d9390f8a485116361ae_pert_0	9148d87eb4b34d9390f8a485116361ae	86	0
Por que o analista de sistemas deve conhecer a necessidade do usuário ?	9148d87eb4b34d9390f8a485116361ae_pert_1	9148d87eb4b34d9390f8a485116361ae	87	0
Por que o analista de sistemas deve compreender a necessidade do usuário ?	9148d87eb4b34d9390f8a485116361ae_pert_2	9148d87eb4b34d9390f8a485116361ae	88	0
Por que o analista de sistemas deve atender a necessidade do usuário ?	9148d87eb4b34d9390f8a485116361ae_pert_3	9148d87eb4b34d9390f8a485116361ae	89	0
Por que o analista de sistemas deve identificar a necessidade do usuário ?	9148d87eb4b34d9390f8a485116361ae_pert_4	9148d87eb4b34d9390f8a485116361ae	90	0
Por que o analista de sistemas deve considerar a necessidade do usuário ?	9148d87eb4b34d9390f8a485116361ae_pert_5	9148d87eb4b34d9390f8a485116361ae	91	0
Por que o analista de sistemas deve analisar a necessidade do usuário ?	9148d87eb4b34d9390f8a485116361ae_pert_6	9148d87eb4b34d9390f8a485116361ae	92	0
Por que o analista de sistemas deve avaliar a necessidade do usuário ?	9148d87eb4b34d9390f8a485116361ae_pert_7	9148d87eb4b34d9390f8a485116361ae	93	0
Por que o analista de sistemas deve perceber a necessidade do usuário ?	9148d87eb4b34d9390f8a485116361ae_pert_8	9148d87eb4b34d9390f8a485116361ae	94	0
Por que o analista de sistemas deve saber a necessidade do usuário ?	9148d87eb4b34d9390f8a485116361ae_pert_9	9148d87eb4b34d9390f8a485116361ae	95	0
Por que o analista de sistemas deve interpretar a necessidade do usuário ?	9148d87eb4b34d9390f8a485116361ae_pert_10	9148d87eb4b34d9390f8a485116361ae	96	0
Por que o analista de sistemas deve sentir a necessidade do usuário ?	9148d87eb4b34d9390f8a485116361ae_pert_11	9148d87eb4b34d9390f8a485116361ae	97	0
Por que o analista de sistemas deve ouvir a necessidade do usuário ?	9148d87eb4b34d9390f8a485116361ae_pert_12	9148d87eb4b34d9390f8a485116361ae	98	0
Por que o analista de sistemas deve reconhecer a necessidade do usuário ?	9148d87eb4b34d9390f8a485116361ae_pert_13	9148d87eb4b34d9390f8a485116361ae	99	0
Por que o analista de sistemas deve observar a necessidade do usuário ?	9148d87eb4b34d9390f8a485116361ae_pert_14	9148d87eb4b34d9390f8a485116361ae	100	0
Por que o analista de sistemas deve ver a necessidade do usuário ?	9148d87eb4b34d9390f8a485116361ae_pert_15	9148d87eb4b34d9390f8a485116361ae	101	0
Por que o analista de sistemas deve verificar a necessidade do usuário ?	9148d87eb4b34d9390f8a485116361ae_pert_16	9148d87eb4b34d9390f8a485116361ae	102	0
Por que o analista de sistemas deve satisfazer a necessidade do usuário ?	9148d87eb4b34d9390f8a485116361ae_pert_17	9148d87eb4b34d9390f8a485116361ae	103	0
Por que o analista de sistemas deve buscar a necessidade do usuário ?	9148d87eb4b34d9390f8a485116361ae_pert_18	9148d87eb4b34d9390f8a485116361ae	104	0
Por que o analista de sistemas deve acompanhar a necessidade do usuário ?	9148d87eb4b34d9390f8a485116361ae_pert_19	9148d87eb4b34d9390f8a485116361ae		0
O que é necessário apresentar para comprovar a participação em um evento ?	ecefc6cb3cc44bef8c606567e8ae756b	ecefc6cb3cc44bef8c606567e8ae756b	106	1
O que é necessário apresentar para garantir a participação em um evento ?	ecefc6cb3cc44bef8c606567e8ae756b_pert_0	ecefc6cb3cc44bef8c606567e8ae756b	107	0
O que é necessário apresentar para confirmar a participação em um evento ?	ecefc6cb3cc44bef8c606567e8ae756b_pert_1	ecefc6cb3cc44bef8c606567e8ae756b	108	0
O que é necessário apresentar para conseguir a participação em um evento ?	ecefc6cb3cc44bef8c606567e8ae756b_pert_2	ecefc6cb3cc44bef8c606567e8ae756b	109	0
O que é necessário apresentar para permitir a participação em um evento ?	ecefc6cb3cc44bef8c606567e8ae756b_pert_3	ecefc6cb3cc44bef8c606567e8ae756b	110	0
O que é necessário apresentar para aceitar a participação em um evento ?	ecefc6cb3cc44bef8c606567e8ae756b_pert_4	ecefc6cb3cc44bef8c606567e8ae756b	111	0
O que é necessário apresentar para obter a participação em um evento ?	ecefc6cb3cc44bef8c606567e8ae756b_pert_5	ecefc6cb3cc44bef8c606567e8ae756b	112	0
O que é necessário apresentar para assegurar a participação em um evento ?	ecefc6cb3cc44bef8c606567e8ae756b_pert_6	ecefc6cb3cc44bef8c606567e8ae756b	113	0
O que é necessário apresentar para receber a participação em um evento ?	ecefc6cb3cc44bef8c606567e8ae756b_pert_7	ecefc6cb3cc44bef8c606567e8ae756b	114	0
O que é necessário apresentar para iniciar a participação em um evento ?	ecefc6cb3cc44bef8c606567e8ae756b_pert_8	ecefc6cb3cc44bef8c606567e8ae756b	115	0
O que é necessário apresentar para facilitar a participação em um evento ?	ecefc6cb3cc44bef8c606567e8ae756b_pert_9	ecefc6cb3cc44bef8c606567e8ae756b	116	0
O que é necessário apresentar para ter a participação em um evento ?	ecefc6cb3cc44bef8c606567e8ae756b_pert_10	ecefc6cb3cc44bef8c606567e8ae756b	117	0
O que é necessário apresentar para realizar a participação em um evento ?	ecefc6cb3cc44bef8c606567e8ae756b_pert_11	ecefc6cb3cc44bef8c606567e8ae756b	118	0
O que é necessário apresentar para conquistar a participação em um evento ?	ecefc6cb3cc44bef8c606567e8ae756b_pert_12	ecefc6cb3cc44bef8c606567e8ae756b	119	0
O que é necessário apresentar para organizar a participação em um evento ?	ecefc6cb3cc44bef8c606567e8ae756b_pert_13	ecefc6cb3cc44bef8c606567e8ae756b	120	0
O que é necessário apresentar para estimular a participação em um evento ?	ecefc6cb3cc44bef8c606567e8ae756b_pert_14	ecefc6cb3cc44bef8c606567e8ae756b	121	0
O que é necessário apresentar para ganhar a participação em um evento ?	ecefc6cb3cc44bef8c606567e8ae756b_pert_15	ecefc6cb3cc44bef8c606567e8ae756b	122	0
O que é necessário apresentar para promover a participação em um evento ?	ecefc6cb3cc44bef8c606567e8ae756b_pert_16	ecefc6cb3cc44bef8c606567e8ae756b	123	0
O que é necessário apresentar para definir a participação em um evento ?	ecefc6cb3cc44bef8c606567e8ae756b_pert_17	ecefc6cb3cc44bef8c606567e8ae756b	124	0
O que é necessário apresentar para negociar a participação em um evento ?	ecefc6cb3cc44bef8c606567e8ae756b_pert_18	ecefc6cb3cc44bef8c606567e8ae756b	125	0
O que é necessário apresentar para avaliar a participação em um evento ?	ecefc6cb3cc44bef8c606567e8ae756b_pert_19	ecefc6cb3cc44bef8c606567e8ae756b		0
Qual o valor de um crédito na maioria das universidades ?	f32d39fbc7044eb6ada2ac189c2db703	f32d39fbc7044eb6ada2ac189c2db703	127	1
Qual o custo de um crédito na maioria das universidades ?	f32d39fbc7044eb6ada2ac189c2db703_pert_0	f32d39fbc7044eb6ada2ac189c2db703	128	0
Qual o valor de um crédito na maioria das universidades ?	f32d39fbc7044eb6ada2ac189c2db703_pert_1	f32d39fbc7044eb6ada2ac189c2db703	129	0
Qual o preço de um crédito na maioria das universidades ?	f32d39fbc7044eb6ada2ac189c2db703_pert_2	f32d39fbc7044eb6ada2ac189c2db703	130	0
Qual o limite de um crédito na maioria das universidades ?	f32d39fbc7044eb6ada2ac189c2db703_pert_3	f32d39fbc7044eb6ada2ac189c2db703	131	0
Qual o risco de um crédito na maioria das universidades ?	f32d39fbc7044eb6ada2ac189c2db703_pert_4	f32d39fbc7044eb6ada2ac189c2db703	132	0
Qual o impacto de um crédito na maioria das universidades ?	f32d39fbc7044eb6ada2ac189c2db703_pert_5	f32d39fbc7044eb6ada2ac189c2db703	133	0
Qual o prazo de um crédito na maioria das universidades ?	f32d39fbc7044eb6ada2ac189c2db703_pert_6	f32d39fbc7044eb6ada2ac189c2db703	134	0
Qual o objetivo de um crédito na maioria das universidades ?	f32d39fbc7044eb6ada2ac189c2db703_pert_7	f32d39fbc7044eb6ada2ac189c2db703	135	0
Qual o papel de um crédito na maioria das universidades ?	f32d39fbc7044eb6ada2ac189c2db703_pert_8	f32d39fbc7044eb6ada2ac189c2db703	136	0
Qual o tamanho de um crédito na maioria das universidades ?	f32d39fbc7044eb6ada2ac189c2db703_pert_9	f32d39fbc7044eb6ada2ac189c2db703	137	0
Qual o perfil de um crédito na maioria das universidades ?	f32d39fbc7044eb6ada2ac189c2db703_pert_10	f32d39fbc7044eb6ada2ac189c2db703	138	0
Qual o benefício de um crédito na maioria das universidades ?	f32d39fbc7044eb6ada2ac189c2db703_pert_11	f32d39fbc7044eb6ada2ac189c2db703	139	0
Qual o histórico de um crédito na maioria das universidades ?	f32d39fbc7044eb6ada2ac189c2db703_pert_12	f32d39fbc7044eb6ada2ac189c2db703	140	0
Qual o problema de um crédito na maioria das universidades ?	f32d39fbc7044eb6ada2ac189c2db703_pert_13	f32d39fbc7044eb6ada2ac189c2db703	141	0
Qual o percentual de um crédito na maioria das universidades ?	f32d39fbc7044eb6ada2ac189c2db703_pert_14	f32d39fbc7044eb6ada2ac189c2db703	142	0
Qual o peso de um crédito na maioria das universidades ?	f32d39fbc7044eb6ada2ac189c2db703_pert_15	f32d39fbc7044eb6ada2ac189c2db703	143	0
Qual o juros de um crédito na maioria das universidades ?	f32d39fbc7044eb6ada2ac189c2db703_pert_16	f32d39fbc7044eb6ada2ac189c2db703	144	0
Qual o conceito de um crédito na maioria das universidades ?	f32d39fbc7044eb6ada2ac189c2db703_pert_17	f32d39fbc7044eb6ada2ac189c2db703	145	0
Qual o significado de um crédito na maioria das universidades ?	f32d39fbc7044eb6ada2ac189c2db703_pert_18	f32d39fbc7044eb6ada2ac189c2db703	146	0
Qual o rendimento de um crédito na maioria das universidades ?	f32d39fbc7044eb6ada2ac189c2db703_pert_19	f32d39fbc7044eb6ada2ac189c2db703		0
Como o aluno pode adquirir conhecimento sem o acompanhamento de um professor ?	b4bf6ca3ed294ec6ad5410f1071031a9	b4bf6ca3ed294ec6ad5410f1071031a9	148	1
Como o aluno pode adquirir conhecimento sem o acompanhamento de um professor ?	b4bf6ca3ed294ec6ad5410f1071031a9_pert_0	b4bf6ca3ed294ec6ad5410f1071031a9	149	0
Como o aluno pode construir conhecimento sem o acompanhamento de um professor ?	b4bf6ca3ed294ec6ad5410f1071031a9_pert_1	b4bf6ca3ed294ec6ad5410f1071031a9	150	0
Como o aluno pode produzir conhecimento sem o acompanhamento de um professor ?	b4bf6ca3ed294ec6ad5410f1071031a9_pert_2	b4bf6ca3ed294ec6ad5410f1071031a9	151	0
Como o aluno pode buscar conhecimento sem o acompanhamento de um professor ?	b4bf6ca3ed294ec6ad5410f1071031a9_pert_3	b4bf6ca3ed294ec6ad5410f1071031a9	152	0
Como o aluno pode transmitir conhecimento sem o acompanhamento de um professor ?	b4bf6ca3ed294ec6ad5410f1071031a9_pert_4	b4bf6ca3ed294ec6ad5410f1071031a9	153	0
Como o aluno pode obter conhecimento sem o acompanhamento de um professor ?	b4bf6ca3ed294ec6ad5410f1071031a9_pert_5	b4bf6ca3ed294ec6ad5410f1071031a9	154	0
Como o aluno pode ter conhecimento sem o acompanhamento de um professor ?	b4bf6ca3ed294ec6ad5410f1071031a9_pert_6	b4bf6ca3ed294ec6ad5410f1071031a9	155	0
Como o aluno pode transferir conhecimento sem o acompanhamento de um professor ?	b4bf6ca3ed294ec6ad5410f1071031a9_pert_7	b4bf6ca3ed294ec6ad5410f1071031a9	156	0
Como o aluno pode tomar conhecimento sem o acompanhamento de um professor ?	b4bf6ca3ed294ec6ad5410f1071031a9_pert_8	b4bf6ca3ed294ec6ad5410f1071031a9	157	0
Como o aluno pode ganhar conhecimento sem o acompanhamento de um professor ?	b4bf6ca3ed294ec6ad5410f1071031a9_pert_9	b4bf6ca3ed294ec6ad5410f1071031a9	158	0
Como o aluno pode criar conhecimento sem o acompanhamento de um professor ?	b4bf6ca3ed294ec6ad5410f1071031a9_pert_10	b4bf6ca3ed294ec6ad5410f1071031a9	159	0
Como o aluno pode gerar conhecimento sem o acompanhamento de um professor ?	b4bf6ca3ed294ec6ad5410f1071031a9_pert_11	b4bf6ca3ed294ec6ad5410f1071031a9	160	0
Como o aluno pode desenvolver conhecimento sem o acompanhamento de um professor ?	b4bf6ca3ed294ec6ad5410f1071031a9_pert_12	b4bf6ca3ed294ec6ad5410f1071031a9	161	0
Como o aluno pode compartilhar conhecimento sem o acompanhamento de um professor ?	b4bf6ca3ed294ec6ad5410f1071031a9_pert_13	b4bf6ca3ed294ec6ad5410f1071031a9	162	0
Como o aluno pode aprender conhecimento sem o acompanhamento de um professor ?	b4bf6ca3ed294ec6ad5410f1071031a9_pert_14	b4bf6ca3ed294ec6ad5410f1071031a9	163	0
Como o aluno pode passar conhecimento sem o acompanhamento de um professor ?	b4bf6ca3ed294ec6ad5410f1071031a9_pert_15	b4bf6ca3ed294ec6ad5410f1071031a9	164	0
Como o aluno pode receber conhecimento sem o acompanhamento de um professor ?	b4bf6ca3ed294ec6ad5410f1071031a9_pert_16	b4bf6ca3ed294ec6ad5410f1071031a9	165	0
Como o aluno pode ampliar conhecimento sem o acompanhamento de um professor ?	b4bf6ca3ed294ec6ad5410f1071031a9_pert_17	b4bf6ca3ed294ec6ad5410f1071031a9	166	0
Como o aluno pode trocar conhecimento sem o acompanhamento de um professor ?	b4bf6ca3ed294ec6ad5410f1071031a9_pert_18	b4bf6ca3ed294ec6ad5410f1071031a9	167	0
Como o aluno pode formar conhecimento sem o acompanhamento de um professor ?	b4bf6ca3ed294ec6ad5410f1071031a9_pert_19	b4bf6ca3ed294ec6ad5410f1071031a9		0
Como são utilizadas as versões mais modernas do ábaco ?	5f4325dafdab4a0ea778a2d7c8083c34	5f4325dafdab4a0ea778a2d7c8083c34	169	1
Como são classificadas as versões mais modernas do ábaco ?	5f4325dafdab4a0ea778a2d7c8083c34_pert_0	5f4325dafdab4a0ea778a2d7c8083c34	170	0
Como são feitas as versões mais modernas do ábaco ?	5f4325dafdab4a0ea778a2d7c8083c34_pert_1	5f4325dafdab4a0ea778a2d7c8083c34	171	0
Como são conhecidas as versões mais modernas do ábaco ?	5f4325dafdab4a0ea778a2d7c8083c34_pert_2	5f4325dafdab4a0ea778a2d7c8083c34	172	0
Como são produzidas as versões mais modernas do ábaco ?	5f4325dafdab4a0ea778a2d7c8083c34_pert_3	5f4325dafdab4a0ea778a2d7c8083c34	173	0
Como são chamadas as versões mais modernas do ábaco ?	5f4325dafdab4a0ea778a2d7c8083c34_pert_4	5f4325dafdab4a0ea778a2d7c8083c34	174	0
Como são criadas as versões mais modernas do ábaco ?	5f4325dafdab4a0ea778a2d7c8083c34_pert_5	5f4325dafdab4a0ea778a2d7c8083c34	175	0
Como são construídas as versões mais modernas do ábaco ?	5f4325dafdab4a0ea778a2d7c8083c34_pert_6	5f4325dafdab4a0ea778a2d7c8083c34	176	0
Como são definidas as versões mais modernas do ábaco ?	5f4325dafdab4a0ea778a2d7c8083c34_pert_7	5f4325dafdab4a0ea778a2d7c8083c34	177	0
Como são formadas as versões mais modernas do ábaco ?	5f4325dafdab4a0ea778a2d7c8083c34_pert_8	5f4325dafdab4a0ea778a2d7c8083c34	178	0
Como são consideradas as versões mais modernas do ábaco ?	5f4325dafdab4a0ea778a2d7c8083c34_pert_9	5f4325dafdab4a0ea778a2d7c8083c34	179	0
Como são obtidas as versões mais modernas do ábaco ?	5f4325dafdab4a0ea778a2d7c8083c34_pert_10	5f4325dafdab4a0ea778a2d7c8083c34	180	0
Como são utilizadas as versões mais modernas do ábaco ?	5f4325dafdab4a0ea778a2d7c8083c34_pert_11	5f4325dafdab4a0ea778a2d7c8083c34	181	0
Como são encontradas as versões mais modernas do ábaco ?	5f4325dafdab4a0ea778a2d7c8083c34_pert_12	5f4325dafdab4a0ea778a2d7c8083c34	182	0
Como são usadas as versões mais modernas do ábaco ?	5f4325dafdab4a0ea778a2d7c8083c34_pert_13	5f4325dafdab4a0ea778a2d7c8083c34	183	0
Como são identificadas as versões mais modernas do ábaco ?	5f4325dafdab4a0ea778a2d7c8083c34_pert_14	5f4325dafdab4a0ea778a2d7c8083c34	184	0
Como são denominadas as versões mais modernas do ábaco ?	5f4325dafdab4a0ea778a2d7c8083c34_pert_15	5f4325dafdab4a0ea778a2d7c8083c34	185	0
Como são hoje as versões mais modernas do ábaco ?	5f4325dafdab4a0ea778a2d7c8083c34_pert_16	5f4325dafdab4a0ea778a2d7c8083c34	186	0
Como são representadas as versões mais modernas do ábaco ?	5f4325dafdab4a0ea778a2d7c8083c34_pert_17	5f4325dafdab4a0ea778a2d7c8083c34	187	0
Como são desenvolvidas as versões mais modernas do ábaco ?	5f4325dafdab4a0ea778a2d7c8083c34_pert_18	5f4325dafdab4a0ea778a2d7c8083c34	188	0
Como são apresentadas as versões mais modernas do ábaco ?	5f4325dafdab4a0ea778a2d7c8083c34_pert_19	5f4325dafdab4a0ea778a2d7c8083c34		0
Por quem eram produzidas as tabelas logarítmicas ?	2c5c585eebcf49e1b6ceb926a85cceef	2c5c585eebcf49e1b6ceb926a85cceef	190	1
Por quem eram feitas as tabelas logarítmicas ?	2c5c585eebcf49e1b6ceb926a85cceef_pert_0	2c5c585eebcf49e1b6ceb926a85cceef	191	0
Por quem eram escritas as tabelas logarítmicas ?	2c5c585eebcf49e1b6ceb926a85cceef_pert_1	2c5c585eebcf49e1b6ceb926a85cceef	192	0
Por quem eram usadas as tabelas logarítmicas ?	2c5c585eebcf49e1b6ceb926a85cceef_pert_2	2c5c585eebcf49e1b6ceb926a85cceef	193	0
Por quem eram utilizadas as tabelas logarítmicas ?	2c5c585eebcf49e1b6ceb926a85cceef_pert_3	2c5c585eebcf49e1b6ceb926a85cceef	194	0
Por quem eram criadas as tabelas logarítmicas ?	2c5c585eebcf49e1b6ceb926a85cceef_pert_4	2c5c585eebcf49e1b6ceb926a85cceef	195	0
Por quem eram produzidas as tabelas logarítmicas ?	2c5c585eebcf49e1b6ceb926a85cceef_pert_5	2c5c585eebcf49e1b6ceb926a85cceef	196	0
Por quem eram construídas as tabelas logarítmicas ?	2c5c585eebcf49e1b6ceb926a85cceef_pert_6	2c5c585eebcf49e1b6ceb926a85cceef	197	0
Por quem eram conhecidas as tabelas logarítmicas ?	2c5c585eebcf49e1b6ceb926a85cceef_pert_7	2c5c585eebcf49e1b6ceb926a85cceef	198	0
Por quem eram realizadas as tabelas logarítmicas ?	2c5c585eebcf49e1b6ceb926a85cceef_pert_8	2c5c585eebcf49e1b6ceb926a85cceef	199	0
Por quem eram obtidas as tabelas logarítmicas ?	2c5c585eebcf49e1b6ceb926a85cceef_pert_9	2c5c585eebcf49e1b6ceb926a85cceef	200	0
Por quem eram compostas as tabelas logarítmicas ?	2c5c585eebcf49e1b6ceb926a85cceef_pert_10	2c5c585eebcf49e1b6ceb926a85cceef	201	0
Por quem eram apresentadas as tabelas logarítmicas ?	2c5c585eebcf49e1b6ceb926a85cceef_pert_11	2c5c585eebcf49e1b6ceb926a85cceef	202	0
Por quem eram desenvolvidas as tabelas logarítmicas ?	2c5c585eebcf49e1b6ceb926a85cceef_pert_12	2c5c585eebcf49e1b6ceb926a85cceef	203	0
Por quem eram organizadas as tabelas logarítmicas ?	2c5c585eebcf49e1b6ceb926a85cceef_pert_13	2c5c585eebcf49e1b6ceb926a85cceef	204	0
Por quem eram formadas as tabelas logarítmicas ?	2c5c585eebcf49e1b6ceb926a85cceef_pert_14	2c5c585eebcf49e1b6ceb926a85cceef	205	0
Por quem eram executadas as tabelas logarítmicas ?	2c5c585eebcf49e1b6ceb926a85cceef_pert_15	2c5c585eebcf49e1b6ceb926a85cceef	206	0
Por quem eram dadas as tabelas logarítmicas ?	2c5c585eebcf49e1b6ceb926a85cceef_pert_16	2c5c585eebcf49e1b6ceb926a85cceef	207	0
Por quem eram enviadas as tabelas logarítmicas ?	2c5c585eebcf49e1b6ceb926a85cceef_pert_17	2c5c585eebcf49e1b6ceb926a85cceef	208	0
Por quem eram estabelecidas as tabelas logarítmicas ?	2c5c585eebcf49e1b6ceb926a85cceef_pert_18	2c5c585eebcf49e1b6ceb926a85cceef	209	0
Por quem eram publicadas as tabelas logarítmicas ?	2c5c585eebcf49e1b6ceb926a85cceef_pert_19	2c5c585eebcf49e1b6ceb926a85cceef		0
Qual foi a primeira ferramenta conhecida para a computação ?	57437143c7f7495f95b8f52696c8865e	57437143c7f7495f95b8f52696c8865e	211	1
Qual foi a primeira ferramenta desenvolvida para a computação ?	57437143c7f7495f95b8f52696c8865e_pert_0	57437143c7f7495f95b8f52696c8865e	212	0
Qual foi a primeira ferramenta usada para a computação ?	57437143c7f7495f95b8f52696c8865e_pert_1	57437143c7f7495f95b8f52696c8865e	213	0
Qual foi a primeira ferramenta voltada para a computação ?	57437143c7f7495f95b8f52696c8865e_pert_2	57437143c7f7495f95b8f52696c8865e	214	0
Qual foi a primeira ferramenta computacional para a computação ?	57437143c7f7495f95b8f52696c8865e_pert_3	57437143c7f7495f95b8f52696c8865e	215	0
Qual foi a primeira ferramenta utilizada para a computação ?	57437143c7f7495f95b8f52696c8865e_pert_4	57437143c7f7495f95b8f52696c8865e	216	0
Qual foi a primeira ferramenta criada para a computação ?	57437143c7f7495f95b8f52696c8865e_pert_5	57437143c7f7495f95b8f52696c8865e	217	0
Qual foi a primeira ferramenta disponível para a computação ?	57437143c7f7495f95b8f52696c8865e_pert_6	57437143c7f7495f95b8f52696c8865e	218	0
Qual foi a primeira ferramenta tecnológica para a computação ?	57437143c7f7495f95b8f52696c8865e_pert_7	57437143c7f7495f95b8f52696c8865e	219	0
Qual foi a primeira ferramenta projetada para a computação ?	57437143c7f7495f95b8f52696c8865e_pert_8	57437143c7f7495f95b8f52696c8865e	220	0
Qual foi a primeira ferramenta empregada para a computação ?	57437143c7f7495f95b8f52696c8865e_pert_9	57437143c7f7495f95b8f52696c8865e	221	0
Qual foi a primeira ferramenta desenhada para a computação ?	57437143c7f7495f95b8f52696c8865e_pert_10	57437143c7f7495f95b8f52696c8865e	222	0
Qual foi a primeira ferramenta específica para a computação ?	57437143c7f7495f95b8f52696c8865e_pert_11	57437143c7f7495f95b8f52696c8865e	223	0
Qual foi a primeira ferramenta digital para a computação ?	57437143c7f7495f95b8f52696c8865e_pert_12	57437143c7f7495f95b8f52696c8865e	224	0
Qual foi a primeira ferramenta científica para a computação ?	57437143c7f7495f95b8f52696c8865e_pert_13	57437143c7f7495f95b8f52696c8865e	225	0
Qual foi a primeira ferramenta construída para a computação ?	57437143c7f7495f95b8f52696c8865e_pert_14	57437143c7f7495f95b8f52696c8865e	226	0
Qual foi a primeira ferramenta necessária para a computação ?	57437143c7f7495f95b8f52696c8865e_pert_15	57437143c7f7495f95b8f52696c8865e	227	0
Qual foi a primeira ferramenta ideal para a computação ?	57437143c7f7495f95b8f52696c8865e_pert_16	57437143c7f7495f95b8f52696c8865e	228	0
Qual foi a primeira ferramenta importante para a computação ?	57437143c7f7495f95b8f52696c8865e_pert_17	57437143c7f7495f95b8f52696c8865e	229	0
Qual foi a primeira ferramenta moderna para a computação ?	57437143c7f7495f95b8f52696c8865e_pert_18	57437143c7f7495f95b8f52696c8865e	230	0
Qual foi a primeira ferramenta adequada para a computação ?	57437143c7f7495f95b8f52696c8865e_pert_19	57437143c7f7495f95b8f52696c8865e		0
Como é conhecido Alan Turing ?	56b4eba75fdf48af9900529219a9b180	56b4eba75fdf48af9900529219a9b180	232	1
Como é o Alan Turing ?	56b4eba75fdf48af9900529219a9b180_pert_0	56b4eba75fdf48af9900529219a9b180	233	0
Como é possível Alan Turing ?	56b4eba75fdf48af9900529219a9b180_pert_1	56b4eba75fdf48af9900529219a9b180	234	0
Como é que Alan Turing ?	56b4eba75fdf48af9900529219a9b180_pert_2	56b4eba75fdf48af9900529219a9b180	235	0
Como é um Alan Turing ?	56b4eba75fdf48af9900529219a9b180_pert_3	56b4eba75fdf48af9900529219a9b180	236	0
Como é conhecido Alan Turing ?	56b4eba75fdf48af9900529219a9b180_pert_4	56b4eba75fdf48af9900529219a9b180	237	0
Como é , Alan Turing ?	56b4eba75fdf48af9900529219a9b180_pert_5	56b4eba75fdf48af9900529219a9b180	238	0
Como é chamado Alan Turing ?	56b4eba75fdf48af9900529219a9b180_pert_6	56b4eba75fdf48af9900529219a9b180	239	0
Como é esse Alan Turing ?	56b4eba75fdf48af9900529219a9b180_pert_7	56b4eba75fdf48af9900529219a9b180	240	0
Como é mesmo Alan Turing ?	56b4eba75fdf48af9900529219a9b180_pert_8	56b4eba75fdf48af9900529219a9b180	241	0
Como é estudar Alan Turing ?	56b4eba75fdf48af9900529219a9b180_pert_9	56b4eba75fdf48af9900529219a9b180	242	0
Como é isso Alan Turing ?	56b4eba75fdf48af9900529219a9b180_pert_10	56b4eba75fdf48af9900529219a9b180	243	0
Como é conhecer Alan Turing ?	56b4eba75fdf48af9900529219a9b180_pert_11	56b4eba75fdf48af9900529219a9b180	244	0
Como é ler Alan Turing ?	56b4eba75fdf48af9900529219a9b180_pert_12	56b4eba75fdf48af9900529219a9b180	245	0
Como é ser Alan Turing ?	56b4eba75fdf48af9900529219a9b180_pert_13	56b4eba75fdf48af9900529219a9b180	246	0
Como é de Alan Turing ?	56b4eba75fdf48af9900529219a9b180_pert_14	56b4eba75fdf48af9900529219a9b180	247	0
Como é feito Alan Turing ?	56b4eba75fdf48af9900529219a9b180_pert_15	56b4eba75fdf48af9900529219a9b180	248	0
Como é você Alan Turing ?	56b4eba75fdf48af9900529219a9b180_pert_16	56b4eba75fdf48af9900529219a9b180	249	0
Como é este Alan Turing ?	56b4eba75fdf48af9900529219a9b180_pert_17	56b4eba75fdf48af9900529219a9b180	250	0
Como é parar Alan Turing ?	56b4eba75fdf48af9900529219a9b180_pert_18	56b4eba75fdf48af9900529219a9b180	251	0
Como é viver Alan Turing ?	56b4eba75fdf48af9900529219a9b180_pert_19	56b4eba75fdf48af9900529219a9b180		0
Para que engenheiros eletricistas contruiam circuitos eletrônicos ?	afb217fec90c418f9df75a46eb329f78	afb217fec90c418f9df75a46eb329f78	253	1
Para que os eletricistas contruiam circuitos eletrônicos ?	afb217fec90c418f9df75a46eb329f78_pert_0	afb217fec90c418f9df75a46eb329f78	254	0
Para que engenheiros eletricistas contruiam circuitos eletrônicos ?	afb217fec90c418f9df75a46eb329f78_pert_1	afb217fec90c418f9df75a46eb329f78	255	0
Para que alguns eletricistas contruiam circuitos eletrônicos ?	afb217fec90c418f9df75a46eb329f78_pert_2	afb217fec90c418f9df75a46eb329f78	256	0
Para que esses eletricistas contruiam circuitos eletrônicos ?	afb217fec90c418f9df75a46eb329f78_pert_3	afb217fec90c418f9df75a46eb329f78	257	0
Para que o eletricistas contruiam circuitos eletrônicos ?	afb217fec90c418f9df75a46eb329f78_pert_4	afb217fec90c418f9df75a46eb329f78	258	0
Para que só eletricistas contruiam circuitos eletrônicos ?	afb217fec90c418f9df75a46eb329f78_pert_5	afb217fec90c418f9df75a46eb329f78	259	0
Para que as eletricistas contruiam circuitos eletrônicos ?	afb217fec90c418f9df75a46eb329f78_pert_6	afb217fec90c418f9df75a46eb329f78	260	0
Para que razão eletricistas contruiam circuitos eletrônicos ?	afb217fec90c418f9df75a46eb329f78_pert_7	afb217fec90c418f9df75a46eb329f78	261	0
Para que somente eletricistas contruiam circuitos eletrônicos ?	afb217fec90c418f9df75a46eb329f78_pert_8	afb217fec90c418f9df75a46eb329f78	262	0
Para que médicos eletricistas contruiam circuitos eletrônicos ?	afb217fec90c418f9df75a46eb329f78_pert_9	afb217fec90c418f9df75a46eb329f78	263	0
Para que estes eletricistas contruiam circuitos eletrônicos ?	afb217fec90c418f9df75a46eb329f78_pert_10	afb217fec90c418f9df75a46eb329f78	264	0
Para que apenas eletricistas contruiam circuitos eletrônicos ?	afb217fec90c418f9df75a46eb329f78_pert_11	afb217fec90c418f9df75a46eb329f78	265	0
Para que muitos eletricistas contruiam circuitos eletrônicos ?	afb217fec90c418f9df75a46eb329f78_pert_12	afb217fec90c418f9df75a46eb329f78	266	0
Para que profissionais eletricistas contruiam circuitos eletrônicos ?	afb217fec90c418f9df75a46eb329f78_pert_13	afb217fec90c418f9df75a46eb329f78	267	0
Para que então eletricistas contruiam circuitos eletrônicos ?	afb217fec90c418f9df75a46eb329f78_pert_14	afb217fec90c418f9df75a46eb329f78	268	0
Para que arquitetos eletricistas contruiam circuitos eletrônicos ?	afb217fec90c418f9df75a46eb329f78_pert_15	afb217fec90c418f9df75a46eb329f78	269	0
Para que dois eletricistas contruiam circuitos eletrônicos ?	afb217fec90c418f9df75a46eb329f78_pert_16	afb217fec90c418f9df75a46eb329f78	270	0
Para que certos eletricistas contruiam circuitos eletrônicos ?	afb217fec90c418f9df75a46eb329f78_pert_17	afb217fec90c418f9df75a46eb329f78	271	0
Para que tais eletricistas contruiam circuitos eletrônicos ?	afb217fec90c418f9df75a46eb329f78_pert_18	afb217fec90c418f9df75a46eb329f78	272	0
Para que tantos eletricistas contruiam circuitos eletrônicos ?	afb217fec90c418f9df75a46eb329f78_pert_19	afb217fec90c418f9df75a46eb329f78		0
Quando Turing cometeu suicídio ?	7e320bf9101343f69feaca32edfe0e25	7e320bf9101343f69feaca32edfe0e25	274	1
Quando Turing cometeu suicídio ?	7e320bf9101343f69feaca32edfe0e25_pert_0	7e320bf9101343f69feaca32edfe0e25	275	0
Quando Turing tentou suicídio ?	7e320bf9101343f69feaca32edfe0e25_pert_1	7e320bf9101343f69feaca32edfe0e25	276	0
Quando Turing cometer suicídio ?	7e320bf9101343f69feaca32edfe0e25_pert_2	7e320bf9101343f69feaca32edfe0e25	277	0
Quando Turing tenta suicídio ?	7e320bf9101343f69feaca32edfe0e25_pert_3	7e320bf9101343f69feaca32edfe0e25	278	0
Quando Turing o suicídio ?	7e320bf9101343f69feaca32edfe0e25_pert_4	7e320bf9101343f69feaca32edfe0e25	279	0
Quando Turing te suicídio ?	7e320bf9101343f69feaca32edfe0e25_pert_5	7e320bf9101343f69feaca32edfe0e25	280	0
Quando Turing admitiu suicídio ?	7e320bf9101343f69feaca32edfe0e25_pert_6	7e320bf9101343f69feaca32edfe0e25	281	0
Quando Turing ou suicídio ?	7e320bf9101343f69feaca32edfe0e25_pert_7	7e320bf9101343f69feaca32edfe0e25	282	0
Quando Turing u suicídio ?	7e320bf9101343f69feaca32edfe0e25_pert_8	7e320bf9101343f69feaca32edfe0e25	283	0
Quando Turing a suicídio ?	7e320bf9101343f69feaca32edfe0e25_pert_9	7e320bf9101343f69feaca32edfe0e25	284	0
Quando Turing sofreu suicídio ?	7e320bf9101343f69feaca32edfe0e25_pert_10	7e320bf9101343f69feaca32edfe0e25	285	0
Quando Turing come suicídio ?	7e320bf9101343f69feaca32edfe0e25_pert_11	7e320bf9101343f69feaca32edfe0e25	286	0
Quando Turing pediu suicídio ?	7e320bf9101343f69feaca32edfe0e25_pert_12	7e320bf9101343f69feaca32edfe0e25	287	0
Quando Turing i suicídio ?	7e320bf9101343f69feaca32edfe0e25_pert_13	7e320bf9101343f69feaca32edfe0e25	288	0
Quando Turing ao suicídio ?	7e320bf9101343f69feaca32edfe0e25_pert_14	7e320bf9101343f69feaca32edfe0e25	289	0
Quando Turing á suicídio ?	7e320bf9101343f69feaca32edfe0e25_pert_15	7e320bf9101343f69feaca32edfe0e25	290	0
Quando Turing ia suicídio ?	7e320bf9101343f69feaca32edfe0e25_pert_16	7e320bf9101343f69feaca32edfe0e25	291	0
Quando Turing fez suicídio ?	7e320bf9101343f69feaca32edfe0e25_pert_17	7e320bf9101343f69feaca32edfe0e25	292	0
Quando Turing declarou suicídio ?	7e320bf9101343f69feaca32edfe0e25_pert_18	7e320bf9101343f69feaca32edfe0e25	293	0
Quando Turing foi suicídio ?	7e320bf9101343f69feaca32edfe0e25_pert_19	7e320bf9101343f69feaca32edfe0e25		0
Qual era o precursor do MEC ?	83e3da1f287e4628b9b96ec37f549407	83e3da1f287e4628b9b96ec37f549407	295	1
Qual era o papel do MEC ?	83e3da1f287e4628b9b96ec37f549407_pert_0	83e3da1f287e4628b9b96ec37f549407	296	0
Qual era o objetivo do MEC ?	83e3da1f287e4628b9b96ec37f549407_pert_1	83e3da1f287e4628b9b96ec37f549407	297	0
Qual era o interesse do MEC ?	83e3da1f287e4628b9b96ec37f549407_pert_2	83e3da1f287e4628b9b96ec37f549407	298	0
Qual era o projeto do MEC ?	83e3da1f287e4628b9b96ec37f549407_pert_3	83e3da1f287e4628b9b96ec37f549407	299	0
Qual era o compromisso do MEC ?	83e3da1f287e4628b9b96ec37f549407_pert_4	83e3da1f287e4628b9b96ec37f549407	300	0
Qual era o posicionamento do MEC ?	83e3da1f287e4628b9b96ec37f549407_pert_5	83e3da1f287e4628b9b96ec37f549407	301	0
Qual era o plano do MEC ?	83e3da1f287e4628b9b96ec37f549407_pert_6	83e3da1f287e4628b9b96ec37f549407	302	0
Qual era o orçamento do MEC ?	83e3da1f287e4628b9b96ec37f549407_pert_7	83e3da1f287e4628b9b96ec37f549407	303	0
Qual era o problema do MEC ?	83e3da1f287e4628b9b96ec37f549407_pert_8	83e3da1f287e4628b9b96ec37f549407	304	0
Qual era o discurso do MEC ?	83e3da1f287e4628b9b96ec37f549407_pert_9	83e3da1f287e4628b9b96ec37f549407	305	0
Qual era o programa do MEC ?	83e3da1f287e4628b9b96ec37f549407_pert_10	83e3da1f287e4628b9b96ec37f549407	306	0
Qual era o critério do MEC ?	83e3da1f287e4628b9b96ec37f549407_pert_11	83e3da1f287e4628b9b96ec37f549407	307	0
Qual era o entendimento do MEC ?	83e3da1f287e4628b9b96ec37f549407_pert_12	83e3da1f287e4628b9b96ec37f549407	308	0
Qual era o pensamento do MEC ?	83e3da1f287e4628b9b96ec37f549407_pert_13	83e3da1f287e4628b9b96ec37f549407	309	0
Qual era o argumento do MEC ?	83e3da1f287e4628b9b96ec37f549407_pert_14	83e3da1f287e4628b9b96ec37f549407	310	0
Qual era o parecer do MEC ?	83e3da1f287e4628b9b96ec37f549407_pert_15	83e3da1f287e4628b9b96ec37f549407	311	0
Qual era o apoio do MEC ?	83e3da1f287e4628b9b96ec37f549407_pert_16	83e3da1f287e4628b9b96ec37f549407	312	0
Qual era o planejamento do MEC ?	83e3da1f287e4628b9b96ec37f549407_pert_17	83e3da1f287e4628b9b96ec37f549407	313	0
Qual era o perfil do MEC ?	83e3da1f287e4628b9b96ec37f549407_pert_18	83e3da1f287e4628b9b96ec37f549407	314	0
Qual era o propósito do MEC ?	83e3da1f287e4628b9b96ec37f549407_pert_19	83e3da1f287e4628b9b96ec37f549407		0
O que é monografia ?	ad0858f4e0164263a5d7fa6ccb677161	ad0858f4e0164263a5d7fa6ccb677161	316	1
O que é isso ?	ad0858f4e0164263a5d7fa6ccb677161_pert_0	ad0858f4e0164263a5d7fa6ccb677161	317	0
O que é isto ?	ad0858f4e0164263a5d7fa6ccb677161_pert_1	ad0858f4e0164263a5d7fa6ccb677161	318	0
O que é amor ?	ad0858f4e0164263a5d7fa6ccb677161_pert_2	ad0858f4e0164263a5d7fa6ccb677161	319	0
O que é câncer ?	ad0858f4e0164263a5d7fa6ccb677161_pert_3	ad0858f4e0164263a5d7fa6ccb677161	320	0
O que é verdade ?	ad0858f4e0164263a5d7fa6ccb677161_pert_4	ad0858f4e0164263a5d7fa6ccb677161	321	0
O que é Deus ?	ad0858f4e0164263a5d7fa6ccb677161_pert_5	ad0858f4e0164263a5d7fa6ccb677161	322	0
O que é bom ?	ad0858f4e0164263a5d7fa6ccb677161_pert_6	ad0858f4e0164263a5d7fa6ccb677161	323	0
O que é depressão ?	ad0858f4e0164263a5d7fa6ccb677161_pert_7	ad0858f4e0164263a5d7fa6ccb677161	324	0
O que é felicidade ?	ad0858f4e0164263a5d7fa6ccb677161_pert_8	ad0858f4e0164263a5d7fa6ccb677161	325	0
O que é saúde ?	ad0858f4e0164263a5d7fa6ccb677161_pert_9	ad0858f4e0164263a5d7fa6ccb677161	326	0
O que é democracia ?	ad0858f4e0164263a5d7fa6ccb677161_pert_10	ad0858f4e0164263a5d7fa6ccb677161	327	0
O que é música ?	ad0858f4e0164263a5d7fa6ccb677161_pert_11	ad0858f4e0164263a5d7fa6ccb677161	328	0
O que é melhor ?	ad0858f4e0164263a5d7fa6ccb677161_pert_12	ad0858f4e0164263a5d7fa6ccb677161	329	0
O que é cultura ?	ad0858f4e0164263a5d7fa6ccb677161_pert_13	ad0858f4e0164263a5d7fa6ccb677161	330	0
O que é religião ?	ad0858f4e0164263a5d7fa6ccb677161_pert_14	ad0858f4e0164263a5d7fa6ccb677161	331	0
O que é fé ?	ad0858f4e0164263a5d7fa6ccb677161_pert_15	ad0858f4e0164263a5d7fa6ccb677161	332	0
O que é doença ?	ad0858f4e0164263a5d7fa6ccb677161_pert_16	ad0858f4e0164263a5d7fa6ccb677161	333	0
O que é cidadania ?	ad0858f4e0164263a5d7fa6ccb677161_pert_17	ad0858f4e0164263a5d7fa6ccb677161	334	0
O que é ciência ?	ad0858f4e0164263a5d7fa6ccb677161_pert_18	ad0858f4e0164263a5d7fa6ccb677161	335	0
O que é ela ?	ad0858f4e0164263a5d7fa6ccb677161_pert_19	ad0858f4e0164263a5d7fa6ccb677161		0
O regime de exercícios domiciliares substitui o quê ?	bd3fcc6f14164d3eb6c17f06ab17db8d	bd3fcc6f14164d3eb6c17f06ab17db8d	337	1
O regime de exercícios domiciliares é o quê ?	bd3fcc6f14164d3eb6c17f06ab17db8d_pert_0	bd3fcc6f14164d3eb6c17f06ab17db8d	338	0
O regime de exercícios domiciliares significa o quê ?	bd3fcc6f14164d3eb6c17f06ab17db8d_pert_1	bd3fcc6f14164d3eb6c17f06ab17db8d	339	0
O regime de exercícios domiciliares era o quê ?	bd3fcc6f14164d3eb6c17f06ab17db8d_pert_2	bd3fcc6f14164d3eb6c17f06ab17db8d	340	0
O regime de exercícios domiciliares seria o quê ?	bd3fcc6f14164d3eb6c17f06ab17db8d_pert_3	bd3fcc6f14164d3eb6c17f06ab17db8d	341	0
O regime de exercícios domiciliares foi o quê ?	bd3fcc6f14164d3eb6c17f06ab17db8d_pert_4	bd3fcc6f14164d3eb6c17f06ab17db8d	342	0
O regime de exercícios domiciliares vale o quê ?	bd3fcc6f14164d3eb6c17f06ab17db8d_pert_5	bd3fcc6f14164d3eb6c17f06ab17db8d	343	0
O regime de exercícios domiciliares será o quê ?	bd3fcc6f14164d3eb6c17f06ab17db8d_pert_6	bd3fcc6f14164d3eb6c17f06ab17db8d	344	0
O regime de exercícios domiciliares representa o quê ?	bd3fcc6f14164d3eb6c17f06ab17db8d_pert_7	bd3fcc6f14164d3eb6c17f06ab17db8d	345	0
O regime de exercícios domiciliares faz o quê ?	bd3fcc6f14164d3eb6c17f06ab17db8d_pert_8	bd3fcc6f14164d3eb6c17f06ab17db8d	346	0
O regime de exercícios domiciliares resolve o quê ?	bd3fcc6f14164d3eb6c17f06ab17db8d_pert_9	bd3fcc6f14164d3eb6c17f06ab17db8d	347	0
O regime de exercícios domiciliares significava o quê ?	bd3fcc6f14164d3eb6c17f06ab17db8d_pert_10	bd3fcc6f14164d3eb6c17f06ab17db8d	348	0
O regime de exercícios domiciliares , o quê ?	bd3fcc6f14164d3eb6c17f06ab17db8d_pert_11	bd3fcc6f14164d3eb6c17f06ab17db8d	349	0
O regime de exercícios domiciliares permite o quê ?	bd3fcc6f14164d3eb6c17f06ab17db8d_pert_12	bd3fcc6f14164d3eb6c17f06ab17db8d	350	0
O regime de exercícios domiciliares são o quê ?	bd3fcc6f14164d3eb6c17f06ab17db8d_pert_13	bd3fcc6f14164d3eb6c17f06ab17db8d	351	0
O regime de exercícios domiciliares fez o quê ?	bd3fcc6f14164d3eb6c17f06ab17db8d_pert_14	bd3fcc6f14164d3eb6c17f06ab17db8d	352	0
O regime de exercícios domiciliares diz o quê ?	bd3fcc6f14164d3eb6c17f06ab17db8d_pert_15	bd3fcc6f14164d3eb6c17f06ab17db8d	353	0
O regime de exercícios domiciliares mudou o quê ?	bd3fcc6f14164d3eb6c17f06ab17db8d_pert_16	bd3fcc6f14164d3eb6c17f06ab17db8d	354	0
O regime de exercícios domiciliares para o quê ?	bd3fcc6f14164d3eb6c17f06ab17db8d_pert_17	bd3fcc6f14164d3eb6c17f06ab17db8d	355	0
O regime de exercícios domiciliares prevê o quê ?	bd3fcc6f14164d3eb6c17f06ab17db8d_pert_18	bd3fcc6f14164d3eb6c17f06ab17db8d	356	0
O regime de exercícios domiciliares garante o quê ?	bd3fcc6f14164d3eb6c17f06ab17db8d_pert_19	bd3fcc6f14164d3eb6c17f06ab17db8d		0
O que o desenvolvimento cada vez mais rápido de novas tecnologias reduziu ?	f71500e2feec42198524d833bc76cd14	f71500e2feec42198524d833bc76cd14	358	1
O que o desenvolvimento cada vez mais rápido de novas tecnologias significa ?	f71500e2feec42198524d833bc76cd14_pert_0	f71500e2feec42198524d833bc76cd14	359	0
O que o desenvolvimento cada vez mais rápido de novas tecnologias representa ?	f71500e2feec42198524d833bc76cd14_pert_1	f71500e2feec42198524d833bc76cd14	360	0
O que o desenvolvimento cada vez mais rápido de novas tecnologias oferece ?	f71500e2feec42198524d833bc76cd14_pert_2	f71500e2feec42198524d833bc76cd14	361	0
O que o desenvolvimento cada vez mais rápido de novas tecnologias requer ?	f71500e2feec42198524d833bc76cd14_pert_3	f71500e2feec42198524d833bc76cd14	362	0
O que o desenvolvimento cada vez mais rápido de novas tecnologias proporciona ?	f71500e2feec42198524d833bc76cd14_pert_4	f71500e2feec42198524d833bc76cd14	363	0
O que o desenvolvimento cada vez mais rápido de novas tecnologias traz ?	f71500e2feec42198524d833bc76cd14_pert_5	f71500e2feec42198524d833bc76cd14	364	0
O que o desenvolvimento cada vez mais rápido de novas tecnologias permite ?	f71500e2feec42198524d833bc76cd14_pert_6	f71500e2feec42198524d833bc76cd14	365	0
O que o desenvolvimento cada vez mais rápido de novas tecnologias faz ?	f71500e2feec42198524d833bc76cd14_pert_7	f71500e2feec42198524d833bc76cd14	366	0
O que o desenvolvimento cada vez mais rápido de novas tecnologias implica ?	f71500e2feec42198524d833bc76cd14_pert_8	f71500e2feec42198524d833bc76cd14	367	0
O que o desenvolvimento cada vez mais rápido de novas tecnologias exige ?	f71500e2feec42198524d833bc76cd14_pert_9	f71500e2feec42198524d833bc76cd14	368	0
O que o desenvolvimento cada vez mais rápido de novas tecnologias promete ?	f71500e2feec42198524d833bc76cd14_pert_10	f71500e2feec42198524d833bc76cd14	369	0
O que o desenvolvimento cada vez mais rápido de novas tecnologias diz ?	f71500e2feec42198524d833bc76cd14_pert_11	f71500e2feec42198524d833bc76cd14	370	0
O que o desenvolvimento cada vez mais rápido de novas tecnologias sugere ?	f71500e2feec42198524d833bc76cd14_pert_12	f71500e2feec42198524d833bc76cd14	371	0
O que o desenvolvimento cada vez mais rápido de novas tecnologias possibilita ?	f71500e2feec42198524d833bc76cd14_pert_13	f71500e2feec42198524d833bc76cd14	372	0
O que o desenvolvimento cada vez mais rápido de novas tecnologias revela ?	f71500e2feec42198524d833bc76cd14_pert_14	f71500e2feec42198524d833bc76cd14	373	0
O que o desenvolvimento cada vez mais rápido de novas tecnologias mudou ?	f71500e2feec42198524d833bc76cd14_pert_15	f71500e2feec42198524d833bc76cd14	374	0
O que o desenvolvimento cada vez mais rápido de novas tecnologias muda ?	f71500e2feec42198524d833bc76cd14_pert_16	f71500e2feec42198524d833bc76cd14	375	0
O que o desenvolvimento cada vez mais rápido de novas tecnologias provoca ?	f71500e2feec42198524d833bc76cd14_pert_17	f71500e2feec42198524d833bc76cd14	376	0
O que o desenvolvimento cada vez mais rápido de novas tecnologias ensina ?	f71500e2feec42198524d833bc76cd14_pert_18	f71500e2feec42198524d833bc76cd14	377	0
O que o desenvolvimento cada vez mais rápido de novas tecnologias garante ?	f71500e2feec42198524d833bc76cd14_pert_19	f71500e2feec42198524d833bc76cd14		0
Onde é sediada a UFMS ?	32ae5b677f30475ba175028d3f5e40a2	32ae5b677f30475ba175028d3f5e40a2	379	1
Onde é localizada a UFMS ?	32ae5b677f30475ba175028d3f5e40a2_pert_0	32ae5b677f30475ba175028d3f5e40a2	380	0
Onde é sediada a UFMS ?	32ae5b677f30475ba175028d3f5e40a2_pert_1	32ae5b677f30475ba175028d3f5e40a2	381	0
Onde é construída a UFMS ?	32ae5b677f30475ba175028d3f5e40a2_pert_2	32ae5b677f30475ba175028d3f5e40a2	382	0
Onde é que a UFMS ?	32ae5b677f30475ba175028d3f5e40a2_pert_3	32ae5b677f30475ba175028d3f5e40a2	383	0
Onde é hoje a UFMS ?	32ae5b677f30475ba175028d3f5e40a2_pert_4	32ae5b677f30475ba175028d3f5e40a2	384	0
Onde é situada a UFMS ?	32ae5b677f30475ba175028d3f5e40a2_pert_5	32ae5b677f30475ba175028d3f5e40a2	385	0
Onde é instalada a UFMS ?	32ae5b677f30475ba175028d3f5e40a2_pert_6	32ae5b677f30475ba175028d3f5e40a2	386	0
Onde é feita a UFMS ?	32ae5b677f30475ba175028d3f5e40a2_pert_7	32ae5b677f30475ba175028d3f5e40a2	387	0
Onde é mesmo a UFMS ?	32ae5b677f30475ba175028d3f5e40a2_pert_8	32ae5b677f30475ba175028d3f5e40a2	388	0
Onde é fundada a UFMS ?	32ae5b677f30475ba175028d3f5e40a2_pert_9	32ae5b677f30475ba175028d3f5e40a2	389	0
Onde é realmente a UFMS ?	32ae5b677f30475ba175028d3f5e40a2_pert_10	32ae5b677f30475ba175028d3f5e40a2	390	0
Onde é realizada a UFMS ?	32ae5b677f30475ba175028d3f5e40a2_pert_11	32ae5b677f30475ba175028d3f5e40a2	391	0
Onde é criada a UFMS ?	32ae5b677f30475ba175028d3f5e40a2_pert_12	32ae5b677f30475ba175028d3f5e40a2	392	0
Onde é formada a UFMS ?	32ae5b677f30475ba175028d3f5e40a2_pert_13	32ae5b677f30475ba175028d3f5e40a2	393	0
Onde é exatamente a UFMS ?	32ae5b677f30475ba175028d3f5e40a2_pert_14	32ae5b677f30475ba175028d3f5e40a2	394	0
Onde é encontrada a UFMS ?	32ae5b677f30475ba175028d3f5e40a2_pert_15	32ae5b677f30475ba175028d3f5e40a2	395	0
Onde é inaugurada a UFMS ?	32ae5b677f30475ba175028d3f5e40a2_pert_16	32ae5b677f30475ba175028d3f5e40a2	396	0
Onde é sede a UFMS ?	32ae5b677f30475ba175028d3f5e40a2_pert_17	32ae5b677f30475ba175028d3f5e40a2	397	0
Onde é produzida a UFMS ?	32ae5b677f30475ba175028d3f5e40a2_pert_18	32ae5b677f30475ba175028d3f5e40a2	398	0
Onde é agora a UFMS ?	32ae5b677f30475ba175028d3f5e40a2_pert_19	32ae5b677f30475ba175028d3f5e40a2		0
Quais órgãos centrais são comuns em universidades ?	483b327d3f80408fa56ffa3e3778aabf	483b327d3f80408fa56ffa3e3778aabf	400	1
Quais órgãos centrais são comuns em animais ?	483b327d3f80408fa56ffa3e3778aabf_pert_0	483b327d3f80408fa56ffa3e3778aabf	401	0
Quais órgãos centrais são comuns em humanos ?	483b327d3f80408fa56ffa3e3778aabf_pert_1	483b327d3f80408fa56ffa3e3778aabf	402	0
Quais órgãos centrais são comuns em cães ?	483b327d3f80408fa56ffa3e3778aabf_pert_2	483b327d3f80408fa56ffa3e3778aabf	403	0
Quais órgãos centrais são comuns em crianças ?	483b327d3f80408fa56ffa3e3778aabf_pert_3	483b327d3f80408fa56ffa3e3778aabf	404	0
Quais órgãos centrais são comuns em mamíferos ?	483b327d3f80408fa56ffa3e3778aabf_pert_4	483b327d3f80408fa56ffa3e3778aabf	405	0
Quais órgãos centrais são comuns em mulheres ?	483b327d3f80408fa56ffa3e3778aabf_pert_5	483b327d3f80408fa56ffa3e3778aabf	406	0
Quais órgãos centrais são comuns em gatos ?	483b327d3f80408fa56ffa3e3778aabf_pert_6	483b327d3f80408fa56ffa3e3778aabf	407	0
Quais órgãos centrais são comuns em adultos ?	483b327d3f80408fa56ffa3e3778aabf_pert_7	483b327d3f80408fa56ffa3e3778aabf	408	0
Quais órgãos centrais são comuns em homens ?	483b327d3f80408fa56ffa3e3778aabf_pert_8	483b327d3f80408fa56ffa3e3778aabf	409	0
Quais órgãos centrais são comuns em peixes ?	483b327d3f80408fa56ffa3e3778aabf_pert_9	483b327d3f80408fa56ffa3e3778aabf	410	0
Quais órgãos centrais são comuns em gêmeos ?	483b327d3f80408fa56ffa3e3778aabf_pert_10	483b327d3f80408fa56ffa3e3778aabf	411	0
Quais órgãos centrais são comuns em plantas ?	483b327d3f80408fa56ffa3e3778aabf_pert_11	483b327d3f80408fa56ffa3e3778aabf	412	0
Quais órgãos centrais são comuns em pessoas ?	483b327d3f80408fa56ffa3e3778aabf_pert_12	483b327d3f80408fa56ffa3e3778aabf	413	0
Quais órgãos centrais são comuns em você ?	483b327d3f80408fa56ffa3e3778aabf_pert_13	483b327d3f80408fa56ffa3e3778aabf	414	0
Quais órgãos centrais são comuns em aves ?	483b327d3f80408fa56ffa3e3778aabf_pert_14	483b327d3f80408fa56ffa3e3778aabf	415	0
Quais órgãos centrais são comuns em idosos ?	483b327d3f80408fa56ffa3e3778aabf_pert_15	483b327d3f80408fa56ffa3e3778aabf	416	0
Quais órgãos centrais são comuns em nós ?	483b327d3f80408fa56ffa3e3778aabf_pert_16	483b327d3f80408fa56ffa3e3778aabf	417	0
Quais órgãos centrais são comuns em atletas ?	483b327d3f80408fa56ffa3e3778aabf_pert_17	483b327d3f80408fa56ffa3e3778aabf	418	0
Quais órgãos centrais são comuns em árvores ?	483b327d3f80408fa56ffa3e3778aabf_pert_18	483b327d3f80408fa56ffa3e3778aabf	419	0
Quais órgãos centrais são comuns em cavalos ?	483b327d3f80408fa56ffa3e3778aabf_pert_19	483b327d3f80408fa56ffa3e3778aabf		0
